TRANSACTION_ID,TIME,AMOUNT,MERCHANT_TYPE,TRANSACTION_FREQ,CLASS
1,2:07,39419,Electronics,6,0
2,0:01,7909,Fuel,24,1
3,9:38,34955,Fuel,6,0
4,20:02,32813,Electronics,18,1
5,17:27,31018,Fuel,17,1
6,9:02,35812,Fuel,13,1
7,5:42,33814,Online,19,1
8,10:30,9380,Fuel,3,0
9,20:12,47199,Clothing,19,1
10,13:08,10605,Electronics,5,0
11,9:23,4840,Electronics,5,0
12,8:33,2547,Fuel,25,0
13,14:06,38898,Online,18,1
14,2:22,10220,Clothing,24,0
15,7:56,45401,Electronics,1,0
16,0:45,46128,Electronics,6,0
17,11:12,40424,Clothing,5,0
18,5:36,31310,Grocery,18,0
19,10:03,20745,Electronics,7,0
20,22:03,47321,Fuel,4,0
21,23:50,20667,Grocery,17,0
22,13:27,10810,Fuel,11,0
23,10:02,10210,Grocery,16,0
24,2:42,9039,Fuel,4,0
25,21:59,11274,Grocery,19,0
26,10:15,8481,Online,5,0
27,17:53,1010,Online,20,0
28,2:24,9432,Electronics,7,0
29,20:51,24573,Fuel,19,0
30,18:30,10811,Grocery,17,0
31,23:28,3146,Clothing,21,0
32,8:34,8010,Online,21,0
33,19:23,33022,Clothing,22,0
34,6:27,17641,Grocery,8,0
35,8:09,12120,Electronics,1,0
36,14:08,17956,Clothing,6,0
37,0:29,40593,Clothing,23,0
38,7:36,33365,Grocery,5,1
39,15:27,32765,Clothing,10,0
40,21:19,535,Online,25,0
41,18:28,4812,Electronics,23,0
42,16:26,7132,Grocery,17,0
43,7:52,22267,Fuel,7,0
44,11:46,988,Electronics,18,0
45,14:30,2127,Clothing,9,0
46,0:31,15607,Online,5,0
47,15:03,25472,Online,5,0
48,7:47,47956,Clothing,15,1
49,15:31,32763,Grocery,10,0
50,13:32,49659,Fuel,6,0
51,7:05,49238,Online,21,1
52,1:35,3165,Clothing,17,0
53,5:10,42970,Clothing,13,0
54,18:20,20083,Grocery,16,1
55,21:53,30524,Online,14,1
56,21:30,11973,Grocery,8,0
57,14:33,13277,Clothing,1,0
58,19:20,345,Fuel,2,0
59,20:16,49629,Clothing,18,0
60,9:52,41861,Fuel,15,1
61,22:31,23759,Electronics,25,0
62,23:35,37379,Fuel,12,0
63,15:08,,Fuel,11,0
64,3:44,18312,Grocery,6,0
65,7:54,,Grocery,13,0
66,17:22,35879,Clothing,8,0
67,2:29,22757,Online,14,1
68,21:23,12311,Clothing,25,0
69,5:43,5028,Online,20,1
70,21:51,46187,Clothing,6,0
71,23:44,39825,Electronics,13,1
72,12:42,33340,Fuel,19,0
73,23:43,12324,Online,2,0
74,6:50,1922,Fuel,11,0
75,6:03,20452,Grocery,8,0
76,14:38,15863,Clothing,19,1
77,4:00,19652,Clothing,22,1
78,0:49,39403,Online,13,1
79,1:38,45545,Electronics,17,0
80,1:30,6372,Grocery,3,0
81,22:27,1485,Electronics,25,0
82,6:03,28363,Electronics,7,0
83,0:58,12356,Fuel,24,0
84,1:37,30735,Clothing,15,0
85,19:38,8118,Grocery,11,0
86,4:44,30105,Electronics,14,0
87,6:14,47439,Online,4,0
88,1:48,26991,Fuel,7,0
89,23:21,35558,Clothing,6,0
90,22:54,24333,Electronics,5,0
91,23:44,7760,Fuel,22,0
92,3:29,14614,Grocery,23,0
93,11:00,42085,Fuel,19,0
94,15:26,12656,Fuel,11,0
95,6:20,33322,Fuel,6,0
96,16:42,36317,Clothing,16,1
97,18:58,35934,Clothing,15,0
98,9:58,10639,Grocery,9,0
99,2:59,49325,Clothing,6,0
100,17:12,19702,Fuel,22,0
101,1:23,47754,Online,25,0
102,20:49,41132,Online,9,0
103,3:24,25950,Clothing,16,1
104,15:47,16959,Online,16,1
105,20:58,26066,Fuel,7,0
106,15:42,28177,Electronics,8,0
107,14:18,5057,Electronics,1,0
108,13:52,11463,Fuel,22,0
109,3:38,46196,Grocery,18,1
110,0:38,42479,Fuel,3,0
111,4:21,6430,Electronics,11,0
112,4:55,26819,Grocery,17,0
113,5:38,23455,Online,4,0
114,22:16,41239,Electronics,1,0
115,7:09,38152,Fuel,3,0
116,10:32,20827,Grocery,21,1
117,10:07,6900,Online,24,0
118,11:27,3898,Electronics,5,0
119,14:55,26430,Online,24,0
120,0:47,43851,Clothing,10,0
121,5:12,5133,Clothing,25,0
122,6:14,5086,Grocery,17,0
123,22:17,34061,Clothing,23,0
124,2:41,35160,Online,17,1
125,5:14,36508,Clothing,12,0
126,12:48,24321,Grocery,15,0
127,12:39,33046,Grocery,25,1
128,0:48,9288,Clothing,4,0
129,21:13,,Online,15,0
130,15:33,34833,Clothing,20,1
131,1:40,7620,Online,19,0
132,21:04,8029,Fuel,7,0
133,15:14,9470,Electronics,22,0
134,17:15,38074,Fuel,12,1
135,2:07,49308,Online,2,0
136,6:24,33292,Grocery,3,0
137,12:33,27629,Fuel,12,1
138,11:50,9807,Electronics,4,0
139,8:35,38373,Electronics,22,0
140,21:30,35601,Fuel,1,0
141,21:21,4413,Fuel,20,0
142,23:49,2144,Grocery,3,0
143,16:09,14082,Grocery,8,0
144,14:18,11157,Fuel,16,0
145,1:32,33919,Electronics,12,0
146,20:08,6152,Grocery,10,0
147,3:55,16078,Grocery,5,0
148,9:18,48690,Fuel,14,1
149,15:11,8027,Online,25,0
150,15:38,22481,Online,6,0
151,22:03,44744,Online,3,0
152,9:49,13677,Electronics,24,0
153,15:19,28188,Clothing,5,1
154,7:59,49297,Grocery,22,1
155,22:23,45666,Grocery,13,0
156,1:55,8798,Grocery,7,0
157,23:15,48456,Grocery,5,0
158,6:08,1443,Grocery,19,0
159,14:23,33688,Clothing,22,1
160,2:06,45333,Electronics,23,1
161,17:27,9912,Online,10,0
162,5:08,37530,Online,22,1
163,22:09,18877,Online,21,0
164,6:21,32571,Fuel,25,1
165,17:02,,Electronics,12,0
166,13:05,22458,Clothing,9,0
167,10:54,47702,Electronics,11,1
168,23:18,39202,Grocery,15,1
169,12:13,46751,Clothing,8,0
170,0:13,29909,Electronics,11,1
171,22:24,30856,Clothing,10,0
172,7:44,14407,Grocery,11,0
173,8:17,2563,Clothing,4,0
174,0:14,12080,Electronics,15,1
175,20:22,15910,Fuel,6,0
176,19:05,37271,Grocery,6,0
177,21:43,3782,Grocery,3,0
178,21:59,4767,Online,24,0
179,9:42,26782,Electronics,23,1
180,7:50,39048,Online,13,0
181,13:54,27446,Electronics,20,0
182,18:49,29773,Electronics,19,0
183,8:23,42352,Grocery,18,0
184,10:33,29115,Online,10,1
185,10:27,41410,Fuel,4,0
186,22:15,49032,Electronics,17,1
187,2:10,47378,Grocery,22,0
188,16:12,,Clothing,22,0
189,17:44,18869,Clothing,25,0
190,12:07,10612,Clothing,11,0
191,13:09,41849,Fuel,17,0
192,7:18,37762,Clothing,25,0
193,5:33,19885,Fuel,12,0
194,18:05,6199,Fuel,12,0
195,16:55,45836,Online,14,1
196,1:05,1219,Grocery,20,0
197,23:25,39428,Grocery,10,0
198,11:49,47797,Online,7,0
199,22:49,3793,Grocery,14,0
200,3:41,23826,Fuel,22,1
201,15:32,172,Grocery,12,0
202,1:10,33283,Grocery,4,0
203,12:47,39291,Grocery,24,0
204,18:53,22982,Electronics,1,0
205,19:18,33161,Electronics,15,0
206,4:30,40206,Fuel,14,0
207,17:57,7204,Electronics,10,0
208,0:24,24977,Fuel,8,0
209,15:54,10652,Fuel,5,0
210,21:22,18490,Online,2,0
211,20:49,7916,Online,18,0
212,20:43,29548,Electronics,12,0
213,16:29,36404,Online,4,0
214,17:16,25951,Fuel,14,0
215,3:58,36142,Grocery,17,1
216,7:23,41048,Clothing,22,0
217,11:03,7045,Grocery,2,0
218,20:17,4469,Clothing,14,0
219,20:14,8263,Online,2,0
220,4:36,29651,Fuel,5,0
221,20:48,31995,Clothing,17,0
222,5:00,30785,Online,8,0
223,3:22,5193,Clothing,23,0
224,17:46,6240,Electronics,1,0
225,11:28,46555,Grocery,11,1
226,10:39,42849,Electronics,25,0
227,13:49,7403,Clothing,13,0
228,1:00,49409,Fuel,25,1
229,10:34,1124,Grocery,17,0
230,12:45,36165,Fuel,11,0
231,16:57,19781,Grocery,18,0
232,23:07,1030,Clothing,23,0
233,17:59,47954,Clothing,21,1
234,20:28,23109,Grocery,20,0
235,17:43,5898,Electronics,3,0
236,16:57,28570,Online,13,0
237,7:51,4548,Fuel,2,0
238,9:43,43716,Grocery,9,0
239,1:44,44842,Electronics,14,0
240,20:02,16692,Clothing,6,1
241,0:41,,Online,3,0
242,12:32,12729,Clothing,18,0
243,14:23,3948,Online,15,0
244,11:27,21645,Grocery,19,0
245,20:47,7210,Grocery,15,0
246,8:25,25333,Electronics,19,1
247,4:10,31448,Electronics,18,0
248,16:58,10376,Grocery,6,0
249,7:37,3256,Fuel,9,0
250,20:43,12427,Online,7,0
251,22:30,,Electronics,21,0
252,10:15,24340,Clothing,18,1
253,7:00,38510,Clothing,25,0
254,6:34,23457,Grocery,2,0
255,9:31,45468,Online,9,0
256,6:05,7174,Clothing,16,0
257,2:43,35395,Grocery,21,1
258,19:45,41815,Clothing,6,0
259,9:36,30966,Clothing,1,1
260,14:29,30056,Online,3,1
261,16:35,36975,Electronics,10,0
262,20:38,18139,Clothing,13,1
263,0:48,15143,Online,18,0
264,6:31,34809,Online,22,0
265,12:17,9827,Fuel,18,0
266,5:21,29867,Fuel,5,0
267,15:02,27616,Electronics,22,0
268,22:51,46845,Online,10,0
269,14:13,21880,Grocery,7,0
270,20:25,42765,Grocery,11,1
271,0:18,17683,Electronics,3,0
272,8:46,17404,Grocery,10,0
273,8:02,47574,Grocery,10,0
274,5:14,30621,Electronics,18,0
275,4:30,40568,Fuel,7,0
276,11:57,16838,Online,6,0
277,21:58,38573,Grocery,2,0
278,5:23,30526,Electronics,19,1
279,7:39,39345,Grocery,13,0
280,17:01,19995,Online,14,0
281,3:30,35131,Online,12,1
282,16:04,17447,Fuel,7,0
283,6:48,7050,Online,15,0
284,7:01,46032,Grocery,13,0
285,12:50,40489,Online,6,0
286,18:26,17972,Online,5,0
287,22:32,3019,Electronics,22,0
288,3:25,10546,Clothing,25,0
289,16:34,46870,Grocery,20,1
290,0:44,19619,Electronics,22,0
291,15:22,38999,Fuel,6,0
292,11:56,16101,Online,10,0
293,5:38,26370,Online,6,0
294,15:30,20376,Clothing,6,0
295,12:05,,Grocery,7,0
296,13:27,29888,Clothing,19,0
297,9:23,47509,Grocery,20,1
298,4:39,,Fuel,5,0
299,13:32,19883,Grocery,13,1
300,0:05,7999,Fuel,24,0
301,20:42,21961,Electronics,21,0
302,8:25,6952,Clothing,16,0
303,12:09,21573,Online,15,1
304,4:28,42123,Grocery,17,0
305,2:17,10998,Fuel,4,0
306,18:21,41514,Electronics,16,0
307,8:59,28637,Electronics,18,0
308,9:38,36961,Fuel,18,0
309,12:03,44108,Clothing,15,0
310,1:32,17919,Fuel,8,0
311,5:36,38241,Grocery,17,0
312,13:14,11198,Grocery,7,0
313,18:22,612,Online,23,0
314,4:12,18083,Online,8,0
315,6:38,6531,Fuel,22,0
316,7:04,37067,Online,25,0
317,1:22,14878,Online,15,0
318,20:03,11947,Electronics,3,0
319,20:45,220,Online,20,0
320,22:07,22042,Electronics,7,0
321,7:59,49601,Fuel,20,0
322,12:48,19883,Online,10,0
323,9:07,26691,Electronics,19,1
324,2:51,2499,Online,19,0
325,23:20,28660,Online,24,0
326,14:14,48667,Clothing,4,0
327,16:48,30223,Online,7,0
328,18:54,37427,Online,18,1
329,0:48,4535,Electronics,17,0
330,18:19,48214,Grocery,24,1
331,5:52,39805,Fuel,3,0
332,5:05,14789,Clothing,5,0
333,7:08,15706,Fuel,21,1
334,21:56,47448,Clothing,19,0
335,11:10,40630,Electronics,7,0
336,15:43,7118,Online,6,0
337,23:47,7693,Electronics,8,0
338,22:24,4845,Grocery,13,0
339,3:03,23864,Clothing,10,0
340,23:28,17746,Electronics,12,0
341,6:49,4442,Electronics,19,0
342,0:18,3711,Electronics,19,0
343,4:28,,Grocery,2,0
344,1:51,41535,Online,20,0
345,14:31,49917,Grocery,5,0
346,16:30,29437,Fuel,24,0
347,17:15,34683,Clothing,24,0
348,5:45,17478,Grocery,20,0
349,6:14,38719,Fuel,5,0
350,18:57,28016,Clothing,5,0
351,23:11,1386,Fuel,7,1
352,1:41,21447,Grocery,1,0
353,11:46,23816,Grocery,22,1
354,23:08,45080,Clothing,6,0
355,0:11,15406,Fuel,5,0
356,15:41,4178,Fuel,15,0
357,6:38,32217,Electronics,22,0
358,23:20,11320,Clothing,15,0
359,6:40,15138,Fuel,8,0
360,13:50,12386,Electronics,3,0
361,21:45,20497,Electronics,25,1
362,0:18,48467,Electronics,17,0
363,10:30,32465,Online,5,0
364,17:46,8114,Grocery,7,0
365,2:06,1528,Clothing,3,0
366,10:13,17228,Clothing,25,0
367,11:47,20797,Electronics,13,0
368,2:45,32069,Grocery,16,0
369,23:41,34292,Fuel,23,1
370,0:30,31098,Grocery,6,0
371,2:47,14747,Online,25,0
372,7:27,4852,Grocery,21,0
373,4:42,47984,Electronics,8,0
374,7:38,6055,Online,13,0
375,18:04,29841,Electronics,8,0
376,8:10,33605,Electronics,22,0
377,2:38,,Online,23,0
378,7:46,37968,Electronics,25,1
379,16:07,11862,Fuel,24,0
380,4:04,2948,Fuel,6,0
381,13:32,27627,Fuel,13,0
382,4:28,43073,Fuel,22,0
383,15:44,22342,Grocery,3,1
384,17:44,35867,Grocery,4,0
385,19:44,27044,Grocery,6,0
386,22:49,38934,Clothing,23,0
387,5:48,46611,Fuel,24,0
388,19:48,1467,Online,20,0
389,3:06,135,Grocery,19,0
390,13:50,9150,Electronics,16,0
391,9:49,27714,Electronics,1,0
392,22:31,11978,Fuel,22,0
393,13:06,35624,Online,2,0
394,18:16,6219,Electronics,17,0
395,19:17,46932,Fuel,20,1
396,22:20,45977,Grocery,3,0
397,5:15,7028,Online,24,0
398,21:24,34969,Electronics,19,1
399,6:12,13512,Clothing,12,0
400,2:47,6840,Electronics,18,0
401,4:00,4891,Clothing,3,0
402,17:40,4827,Online,1,0
403,10:49,8850,Online,15,0
404,9:33,14520,Grocery,5,0
405,1:16,,Clothing,19,0
406,20:46,27724,Fuel,18,0
407,17:06,18415,Online,4,0
408,12:50,38113,Online,24,1
409,9:00,5275,Online,6,0
410,13:55,,Grocery,18,0
411,19:31,10733,Grocery,11,0
412,22:09,32731,Online,7,0
413,0:13,30040,Electronics,13,1
414,6:50,38714,Fuel,13,0
415,21:06,40375,Online,6,0
416,21:12,,Online,16,0
417,7:08,23946,Online,16,1
418,16:05,47580,Grocery,7,0
419,19:17,15660,Fuel,17,0
420,15:14,5824,Clothing,7,0
421,22:12,36958,Fuel,8,1
422,13:07,31917,Fuel,20,1
423,4:44,27684,Online,24,0
424,0:52,6833,Clothing,12,0
425,14:13,4155,Clothing,14,0
426,23:40,22134,Fuel,19,1
427,17:57,13928,Grocery,9,0
428,2:21,45692,Clothing,18,1
429,9:49,47090,Fuel,2,0
430,3:45,2694,Online,18,0
431,16:47,37281,Fuel,3,0
432,18:56,11051,Fuel,7,0
433,12:33,28497,Electronics,8,0
434,3:42,15622,Clothing,18,0
435,12:30,37855,Clothing,12,1
436,4:54,22482,Grocery,17,0
437,1:17,39242,Clothing,16,1
438,20:07,15367,Clothing,4,0
439,13:23,44307,Fuel,22,0
440,10:05,42116,Electronics,24,0
441,11:18,39278,Electronics,14,1
442,17:42,3861,Online,4,1
443,11:05,4864,Fuel,3,0
444,18:48,32160,Clothing,22,1
445,18:02,14921,Fuel,9,0
446,12:03,37812,Fuel,21,1
447,6:16,2521,Electronics,25,0
448,3:11,21225,Grocery,19,1
449,12:51,33448,Clothing,12,0
450,9:50,21376,Online,17,1
451,5:29,35395,Clothing,24,0
452,23:54,13736,Online,7,0
453,3:22,32922,Clothing,17,0
454,11:33,274,Electronics,20,0
455,0:32,27406,Online,25,0
456,7:47,28634,Clothing,19,1
457,0:19,32617,Electronics,5,0
458,17:27,19571,Grocery,22,0
459,18:48,39869,Fuel,18,1
460,18:13,8780,Online,2,0
461,15:34,30180,Clothing,20,0
462,10:32,40585,Grocery,2,0
463,11:35,38844,Clothing,14,0
464,21:07,44290,Electronics,20,1
465,16:41,14621,Electronics,15,1
466,17:03,4080,Clothing,10,0
467,12:24,26354,Online,25,1
468,12:32,29746,Fuel,7,0
469,19:28,25550,Fuel,13,1
470,11:48,21516,Electronics,17,0
471,23:33,27955,Online,24,1
472,12:29,,Electronics,14,0
473,17:29,45083,Clothing,3,0
474,15:45,32058,Clothing,18,0
475,19:36,4150,Clothing,3,0
476,14:47,27617,Online,21,0
477,14:16,29458,Online,3,0
478,22:27,47658,Clothing,20,0
479,17:22,27291,Grocery,22,1
480,4:51,37537,Clothing,8,0
481,16:11,32451,Fuel,21,1
482,17:27,45875,Grocery,23,1
483,1:14,45911,Grocery,4,1
484,10:05,40939,Fuel,12,1
485,2:31,33355,Clothing,13,1
486,21:03,13910,Online,24,0
487,0:53,24888,Clothing,9,1
488,4:56,34374,Grocery,20,0
489,14:44,42628,Fuel,20,1
490,7:15,36676,Grocery,12,0
491,14:44,3543,Electronics,20,0
492,8:59,39326,Clothing,25,1
493,15:32,47182,Grocery,18,0
494,11:49,41902,Fuel,24,0
495,8:09,36520,Clothing,9,0
496,16:38,20947,Electronics,12,1
497,12:59,48195,Clothing,4,0
498,13:41,1716,Clothing,24,0
499,19:18,494,Grocery,15,0
500,9:17,43926,Clothing,7,0
501,4:26,49036,Online,1,1
502,22:27,13185,Grocery,9,0
503,7:28,47605,Online,25,1
504,9:13,280,Grocery,12,0
505,21:37,33178,Grocery,4,0
506,10:24,35533,Clothing,11,0
507,14:16,6206,Clothing,24,0
508,21:27,48013,Grocery,18,1
509,23:52,17582,Clothing,13,0
510,17:20,18306,Electronics,11,1
511,10:39,9380,Grocery,20,0
512,13:15,3181,Fuel,10,0
513,23:13,40464,Grocery,13,1
514,8:44,25714,Electronics,3,0
515,12:37,5042,Clothing,24,0
516,2:11,19148,Electronics,14,0
517,0:03,49590,Clothing,1,0
518,22:23,29096,Grocery,8,0
519,22:38,37306,Fuel,4,0
520,5:55,44440,Clothing,1,0
521,0:44,3025,Fuel,24,0
522,20:39,16357,Clothing,23,0
523,17:16,28036,Fuel,4,0
524,6:56,2643,Online,4,0
525,21:55,4014,Online,23,0
526,11:30,22332,Fuel,7,1
527,18:10,15414,Online,13,1
528,11:27,34255,Grocery,16,0
529,22:47,11185,Grocery,4,0
530,23:09,18000,Electronics,11,0
531,21:05,21268,Fuel,1,0
532,14:43,42552,Grocery,6,0
533,19:01,44026,Grocery,23,0
534,10:21,14836,Grocery,13,0
535,14:48,19647,Electronics,12,1
536,16:22,26359,Fuel,10,0
537,14:46,2151,Electronics,2,0
538,21:01,25678,Grocery,12,1
539,2:25,30961,Clothing,1,0
540,20:22,12334,Electronics,22,0
541,6:26,5556,Fuel,6,0
542,3:40,44424,Fuel,16,1
543,5:59,32397,Electronics,12,1
544,2:27,22868,Grocery,22,0
545,2:40,6690,Clothing,2,0
546,3:41,32004,Online,13,0
547,22:05,49688,Grocery,25,0
548,23:31,35276,Online,13,0
549,5:09,18664,Electronics,4,0
550,5:25,8412,Clothing,15,0
551,10:52,40750,Clothing,16,1
552,2:43,480,Online,2,0
553,12:49,16464,Clothing,5,0
554,14:22,35160,Grocery,15,0
555,16:15,32459,Grocery,7,0
556,12:49,31243,Fuel,12,1
557,9:44,11140,Grocery,16,0
558,12:02,43519,Online,19,1
559,3:58,33801,Fuel,13,0
560,1:38,45569,Grocery,10,0
561,12:45,38420,Electronics,1,0
562,7:41,13441,Clothing,11,0
563,4:25,,Grocery,8,0
564,20:05,41556,Electronics,23,1
565,15:28,19425,Electronics,4,0
566,1:12,2930,Grocery,3,0
567,16:27,30142,Online,4,0
568,20:13,21125,Fuel,25,0
569,22:28,10821,Electronics,24,0
570,17:29,33251,Fuel,21,0
571,20:29,39910,Online,5,1
572,20:05,44242,Electronics,21,1
573,7:13,39259,Online,24,0
574,23:18,19277,Fuel,12,0
575,14:56,31077,Electronics,25,0
576,23:12,30124,Fuel,24,0
577,17:55,37650,Electronics,7,0
578,14:39,26407,Grocery,12,1
579,0:07,45667,Fuel,11,0
580,12:51,45237,Clothing,23,1
581,17:29,12209,Online,17,0
582,9:59,37210,Fuel,7,0
583,13:09,,Grocery,4,0
584,4:18,37196,Clothing,3,0
585,21:26,28516,Online,2,0
586,23:57,40087,Online,18,0
587,4:48,5338,Fuel,13,0
588,16:58,2979,Fuel,18,0
589,15:47,,Clothing,22,0
590,3:30,20393,Clothing,15,1
591,4:08,17657,Grocery,19,0
592,23:28,25620,Online,25,0
593,7:56,12707,Clothing,20,0
594,3:59,26074,Fuel,3,0
595,1:48,24820,Online,3,0
596,17:00,6035,Fuel,20,0
597,12:17,43156,Fuel,9,0
598,15:14,22681,Online,9,0
599,2:43,32710,Fuel,6,0
600,8:59,34954,Fuel,21,0
601,23:16,20115,Clothing,18,1
602,14:44,18375,Fuel,25,0
603,23:12,45223,Online,22,0
604,15:30,33266,Fuel,16,0
605,16:02,34853,Clothing,15,0
606,11:32,24873,Online,24,0
607,15:31,4926,Electronics,3,0
608,16:33,3050,Clothing,12,0
609,20:34,1759,Clothing,21,0
610,17:27,,Clothing,11,0
611,8:30,46450,Fuel,4,0
612,23:17,24364,Online,24,0
613,20:40,14142,Fuel,14,0
614,19:55,36443,Fuel,16,0
615,3:59,14611,Electronics,12,1
616,18:26,47840,Electronics,10,0
617,11:44,8022,Fuel,18,0
618,11:15,25622,Electronics,1,0
619,9:48,40618,Online,2,0
620,12:02,16102,Clothing,20,0
621,11:41,4218,Fuel,21,0
622,23:24,29002,Fuel,17,1
623,18:32,16552,Electronics,17,0
624,4:46,2788,Online,22,0
625,7:49,34073,Fuel,11,0
626,8:32,39997,Online,19,0
627,11:06,7899,Online,23,0
628,16:43,23448,Fuel,16,0
629,22:43,22345,Grocery,17,1
630,18:21,8573,Grocery,17,0
631,14:59,34158,Electronics,8,0
632,23:55,,Electronics,20,0
633,11:24,23027,Grocery,4,0
634,4:07,4432,Fuel,24,0
635,3:16,44682,Electronics,22,1
636,7:20,19765,Grocery,4,0
637,7:44,10637,Clothing,21,0
638,8:37,12019,Grocery,18,0
639,18:16,40515,Fuel,3,0
640,12:33,36366,Fuel,7,0
641,1:17,15586,Fuel,10,0
642,5:07,15653,Clothing,23,1
643,3:36,4234,Fuel,5,0
644,13:16,41704,Online,14,0
645,9:32,18013,Clothing,11,0
646,18:18,18619,Electronics,25,0
647,7:25,5131,Electronics,8,0
648,12:01,19086,Grocery,23,0
649,11:04,22199,Electronics,11,1
650,14:54,22874,Grocery,3,0
651,9:26,49478,Online,9,0
652,6:43,24591,Grocery,20,0
653,3:42,37779,Electronics,8,0
654,17:59,16427,Electronics,22,0
655,21:52,9375,Electronics,14,0
656,14:55,11073,Electronics,6,0
657,3:15,27647,Online,1,0
658,0:39,,Grocery,15,0
659,17:36,19247,Grocery,15,1
660,2:39,2529,Fuel,4,0
661,7:48,44631,Electronics,10,0
662,19:06,10139,Online,18,0
663,1:39,2818,Electronics,16,0
664,0:59,35778,Clothing,3,0
665,21:38,3300,Electronics,2,0
666,8:50,39396,Electronics,18,0
667,11:19,22693,Grocery,12,0
668,18:56,47882,Fuel,15,1
669,5:08,26305,Online,20,0
670,11:29,44686,Grocery,10,0
671,18:37,44176,Fuel,21,0
672,20:03,10236,Electronics,19,0
673,5:22,2851,Fuel,19,1
674,2:23,27942,Clothing,23,0
675,19:57,2534,Clothing,13,0
676,20:51,2791,Grocery,16,0
677,14:53,29168,Electronics,19,1
678,19:07,5808,Online,14,0
679,17:56,23467,Clothing,16,1
680,1:19,5177,Clothing,4,0
681,5:55,5066,Clothing,4,0
682,9:16,48048,Online,17,1
683,16:39,2246,Online,12,0
684,11:41,32380,Electronics,20,0
685,7:11,11597,Electronics,21,0
686,5:38,13889,Grocery,24,0
687,21:39,31450,Online,9,0
688,18:31,23553,Fuel,3,0
689,12:46,23306,Fuel,11,0
690,20:49,44363,Grocery,2,0
691,11:08,4508,Online,18,0
692,2:25,43442,Grocery,18,1
693,6:16,23105,Online,3,0
694,0:19,13438,Clothing,25,0
695,8:07,20354,Online,11,0
696,0:04,33988,Grocery,3,0
697,18:10,2009,Fuel,3,0
698,22:05,35549,Online,1,0
699,21:36,22206,Electronics,5,0
700,18:40,27482,Fuel,25,0
701,4:31,24810,Clothing,21,0
702,12:35,21152,Grocery,17,0
703,13:19,,Fuel,8,0
704,0:22,42679,Online,25,0
705,18:13,,Grocery,11,0
706,23:49,30497,Clothing,21,0
707,22:25,46018,Clothing,7,0
708,13:08,40808,Grocery,1,0
709,6:39,35496,Fuel,14,0
710,8:22,35501,Fuel,4,0
711,4:07,49312,Online,24,0
712,6:23,44434,Grocery,2,0
713,20:46,25016,Online,3,0
714,12:15,37796,Clothing,17,0
715,22:36,19802,Clothing,3,0
716,8:32,43641,Electronics,2,0
717,10:55,43978,Grocery,7,0
718,21:44,47594,Electronics,24,1
719,6:19,23550,Grocery,22,1
720,16:07,18462,Online,21,1
721,19:01,4291,Grocery,17,0
722,9:59,1577,Online,5,1
723,0:30,,Grocery,13,0
724,9:55,13200,Clothing,17,0
725,10:17,6596,Grocery,25,1
726,16:28,11802,Fuel,17,0
727,22:08,17817,Electronics,19,1
728,13:47,9456,Fuel,10,0
729,18:17,26797,Grocery,3,0
730,4:25,15916,Online,8,0
731,2:12,26616,Fuel,25,0
732,16:17,33003,Clothing,4,0
733,1:18,49958,Grocery,18,1
734,5:19,44695,Electronics,25,1
735,10:20,19713,Electronics,15,1
736,9:47,16694,Grocery,24,0
737,2:01,6967,Fuel,6,0
738,10:20,42136,Electronics,23,0
739,4:32,41407,Grocery,15,0
740,8:21,469,Electronics,11,0
741,12:50,40105,Grocery,22,1
742,21:47,36367,Online,10,0
743,15:10,39678,Grocery,9,0
744,12:01,32182,Fuel,10,0
745,4:01,19666,Online,7,0
746,23:36,2515,Online,5,0
747,19:05,486,Clothing,12,0
748,0:00,30279,Clothing,15,1
749,11:44,,Electronics,24,0
750,2:14,8200,Electronics,23,0
751,10:05,32501,Electronics,14,0
752,3:40,2137,Fuel,4,0
753,4:06,36726,Clothing,11,1
754,6:22,30641,Clothing,12,1
755,13:41,36266,Clothing,21,0
756,8:56,31456,Fuel,15,1
757,15:50,8158,Online,25,0
758,9:09,21011,Grocery,14,1
759,15:43,5078,Clothing,16,0
760,11:44,31548,Clothing,12,1
761,19:35,9682,Electronics,3,0
762,6:20,28831,Clothing,16,1
763,2:37,9237,Clothing,12,0
764,6:34,23804,Electronics,13,0
765,22:41,47756,Electronics,2,0
766,20:10,29890,Online,23,0
767,15:53,49760,Electronics,19,1
768,13:04,45087,Electronics,23,1
769,16:37,28365,Fuel,13,0
770,6:32,46514,Clothing,10,0
771,11:32,,Online,20,0
772,20:49,26858,Electronics,7,0
773,17:53,31707,Clothing,21,0
774,17:24,30802,Electronics,23,1
775,9:21,41718,Clothing,4,0
776,13:53,8331,Fuel,10,0
777,8:57,46342,Fuel,11,0
778,14:39,30133,Grocery,6,0
779,9:35,43425,Online,5,0
780,21:12,14600,Fuel,6,0
781,6:00,13915,Grocery,21,0
782,13:54,26243,Clothing,19,1
783,18:04,,Fuel,20,0
784,4:42,27427,Online,17,0
785,11:17,16549,Fuel,12,1
786,10:22,46871,Online,18,0
787,12:30,16624,Online,13,1
788,5:30,18744,Electronics,25,0
789,23:59,28232,Fuel,7,0
790,2:17,20161,Clothing,9,0
791,23:08,24065,Fuel,17,1
792,18:07,49216,Electronics,10,0
793,10:53,26973,Online,9,0
794,9:17,26073,Clothing,15,1
795,8:19,17622,Clothing,11,0
796,9:01,278,Grocery,8,0
797,20:32,39446,Clothing,16,0
798,16:02,48494,Fuel,10,0
799,15:39,21954,Grocery,21,1
800,8:11,49070,Fuel,17,0
801,15:28,43356,Electronics,9,0
802,17:43,41338,Electronics,4,0
803,9:57,41054,Electronics,23,1
804,14:18,45381,Fuel,19,0
805,18:09,38145,Online,15,0
806,23:29,33836,Electronics,4,0
807,1:14,33487,Fuel,6,0
808,21:16,5041,Grocery,11,0
809,19:45,23351,Fuel,16,1
810,4:20,6647,Clothing,21,0
811,5:32,11973,Electronics,9,0
812,2:01,25699,Clothing,9,0
813,15:02,33100,Grocery,14,0
814,10:54,9145,Online,19,0
815,9:31,1196,Fuel,18,0
816,3:55,33594,Electronics,16,1
817,15:34,22090,Grocery,12,1
818,9:10,42752,Electronics,11,1
819,15:55,12694,Electronics,19,0
820,15:32,48292,Grocery,23,0
821,12:14,20035,Fuel,25,0
822,11:23,17540,Grocery,14,0
823,14:56,39776,Online,18,0
824,14:35,29485,Online,7,0
825,14:57,16586,Online,8,0
826,2:30,5653,Grocery,10,0
827,9:06,26574,Electronics,10,0
828,16:39,31756,Online,15,0
829,12:47,15795,Clothing,17,0
830,13:30,10566,Grocery,9,0
831,6:59,43531,Grocery,14,0
832,1:42,2436,Electronics,22,0
833,12:40,2135,Clothing,25,0
834,15:43,26194,Electronics,14,0
835,10:50,29635,Grocery,8,0
836,1:56,45385,Fuel,12,0
837,14:03,40375,Fuel,5,0
838,22:28,14944,Clothing,25,0
839,14:48,16863,Electronics,20,1
840,11:14,47492,Grocery,9,0
841,23:44,14456,Electronics,15,0
842,14:01,40151,Electronics,6,0
843,13:03,13601,Online,6,0
844,21:22,39005,Clothing,2,0
845,8:26,45840,Clothing,3,0
846,15:41,45564,Online,10,0
847,7:17,30439,Online,21,0
848,20:12,37565,Grocery,12,0
849,20:55,33158,Electronics,14,0
850,18:19,45471,Online,1,0
851,4:07,49669,Fuel,25,1
852,21:16,43166,Clothing,12,0
853,15:06,8646,Online,16,0
854,6:50,21333,Electronics,1,0
855,13:27,7726,Fuel,13,0
856,21:25,38257,Electronics,15,1
857,7:11,34730,Clothing,8,0
858,6:51,36715,Online,6,0
859,15:13,30362,Clothing,22,0
860,22:20,26835,Online,18,0
861,15:57,35414,Fuel,1,1
862,1:38,7853,Clothing,3,0
863,19:01,43794,Electronics,18,0
864,18:19,27645,Grocery,5,0
865,15:13,26558,Clothing,1,0
866,15:57,36657,Fuel,23,0
867,17:40,16962,Online,3,0
868,5:37,40390,Clothing,21,0
869,13:10,22314,Grocery,8,0
870,18:25,,Clothing,14,0
871,11:18,20525,Fuel,15,0
872,7:40,10592,Fuel,12,0
873,7:22,25100,Online,16,0
874,20:02,18688,Fuel,12,1
875,15:13,15816,Online,15,0
876,18:45,21047,Online,14,1
877,14:43,24368,Clothing,2,0
878,10:58,13361,Fuel,7,1
879,14:31,35904,Grocery,17,0
880,15:08,21959,Electronics,17,1
881,15:35,4844,Clothing,16,0
882,4:22,,Grocery,24,0
883,22:51,42184,Grocery,6,0
884,0:53,43108,Electronics,9,0
885,17:26,5806,Fuel,17,0
886,1:14,8780,Electronics,21,0
887,19:39,10181,Online,23,0
888,12:50,19824,Electronics,7,0
889,17:30,28341,Grocery,15,0
890,7:03,3812,Electronics,9,0
891,10:32,26078,Electronics,19,1
892,9:14,18850,Clothing,25,0
893,15:15,,Electronics,6,0
894,10:08,27324,Electronics,8,0
895,21:57,33560,Electronics,17,0
896,19:57,14470,Fuel,7,0
897,1:33,8563,Grocery,12,0
898,14:16,13786,Electronics,7,0
899,5:43,8853,Fuel,3,0
900,8:40,27425,Grocery,4,0
901,7:13,11498,Clothing,10,0
902,21:43,36663,Clothing,8,0
903,2:11,14981,Online,19,0
904,20:07,14831,Online,2,0
905,21:59,48308,Online,5,0
906,17:13,34284,Fuel,4,0
907,1:44,23278,Clothing,22,0
908,18:19,11155,Online,4,0
909,19:24,46509,Online,16,1
910,10:15,25405,Fuel,8,0
911,6:56,9178,Online,18,0
912,12:08,48876,Electronics,25,0
913,9:02,8555,Fuel,9,0
914,9:17,3071,Fuel,14,0
915,19:30,26601,Clothing,23,1
916,10:01,14769,Online,7,0
917,6:00,3559,Grocery,13,0
918,11:45,,Grocery,24,0
919,0:58,22145,Electronics,6,0
920,14:55,42486,Electronics,11,1
921,14:01,8373,Online,21,0
922,22:31,23496,Online,23,1
923,10:32,30665,Grocery,15,1
924,11:00,5865,Clothing,15,0
925,6:43,40116,Online,7,0
926,18:50,29760,Electronics,14,1
927,15:52,14898,Fuel,8,0
928,19:11,22924,Online,23,1
929,6:23,25108,Electronics,10,0
930,10:11,,Electronics,4,0
931,3:56,36757,Online,8,0
932,1:03,,Grocery,22,0
933,4:19,2636,Electronics,8,0
934,11:14,36542,Electronics,12,1
935,22:19,38508,Electronics,10,0
936,6:04,27761,Online,6,1
937,4:08,47711,Grocery,22,0
938,16:52,11410,Clothing,22,1
939,21:38,20583,Electronics,4,0
940,11:20,30371,Online,8,0
941,14:35,21563,Online,1,0
942,15:05,49708,Grocery,18,0
943,11:07,,Clothing,24,0
944,4:02,9371,Clothing,24,0
945,21:10,39369,Fuel,24,0
946,17:50,23158,Electronics,10,0
947,19:18,2467,Electronics,7,0
948,10:01,48812,Fuel,5,0
949,10:16,24875,Online,21,0
950,5:08,38742,Online,25,0
951,18:45,19933,Electronics,13,1
952,6:52,3106,Online,24,0
953,1:42,1773,Clothing,4,0
954,8:00,43834,Online,25,0
955,17:52,32037,Fuel,10,0
956,17:01,36585,Electronics,7,0
957,22:20,28036,Clothing,21,1
958,15:45,,Electronics,2,0
959,5:02,24861,Electronics,16,0
960,17:25,24253,Electronics,19,1
961,16:25,38661,Clothing,21,0
962,8:38,41513,Online,24,1
963,16:29,16582,Online,4,0
964,0:41,26635,Electronics,15,1
965,18:03,10707,Clothing,20,0
966,9:07,12822,Clothing,4,0
967,2:28,19449,Electronics,24,0
968,9:51,255,Online,16,0
969,2:37,4770,Clothing,2,0
970,2:03,21796,Grocery,12,0
971,14:24,17900,Clothing,9,0
972,1:41,,Clothing,1,0
973,18:46,18127,Online,2,0
974,2:21,30739,Fuel,18,1
975,2:00,2176,Fuel,2,0
976,5:50,,Online,9,0
977,15:49,12868,Fuel,7,0
978,22:39,48807,Online,16,0
979,7:50,13345,Electronics,16,0
980,3:44,2946,Fuel,6,0
981,20:27,39150,Online,15,1
982,23:39,43556,Clothing,6,0
983,18:46,39751,Electronics,20,1
984,6:40,47621,Electronics,15,1
985,8:27,4353,Online,19,0
986,2:48,26127,Electronics,15,0
987,10:10,20749,Clothing,3,0
988,11:57,33246,Grocery,14,1
989,4:33,42615,Grocery,18,1
990,8:24,16783,Fuel,24,0
991,13:49,49947,Grocery,14,0
992,0:44,,Electronics,21,0
993,15:22,7079,Grocery,11,0
994,18:58,2626,Electronics,18,0
995,3:22,45768,Grocery,10,0
996,8:02,5602,Clothing,16,1
997,12:23,28727,Electronics,8,0
998,14:18,19361,Electronics,6,1
999,5:37,1301,Grocery,15,0
1000,15:06,47057,Fuel,10,0
1001,19:22,43117,Electronics,12,1
1002,0:14,2588,Grocery,16,0
1003,22:45,1814,Online,25,0
1004,18:52,45630,Clothing,6,0
1005,7:02,22923,Clothing,5,1
1006,6:21,5633,Clothing,4,0
1007,15:37,49814,Grocery,1,0
1008,18:44,43407,Online,2,0
1009,23:17,34787,Clothing,25,0
1010,8:30,3629,Clothing,19,0
1011,16:43,36500,Online,7,0
1012,22:30,21382,Fuel,23,1
1013,10:10,48797,Online,7,0
1014,23:16,2297,Fuel,1,0
1015,8:28,11927,Online,25,0
1016,10:07,31818,Electronics,2,0
1017,5:51,36562,Grocery,17,1
1018,14:38,15694,Fuel,15,0
1019,19:30,25271,Clothing,12,0
1020,9:54,16084,Grocery,2,0
1021,1:28,40719,Online,12,1
1022,17:10,19213,Clothing,15,0
1023,10:59,8111,Online,14,0
1024,12:47,29836,Online,5,0
1025,1:51,3609,Clothing,11,0
1026,2:15,21667,Fuel,2,0
1027,3:10,42468,Electronics,3,0
1028,11:18,1126,Grocery,17,0
1029,21:01,13510,Grocery,7,0
1030,11:16,19449,Grocery,2,0
1031,20:45,6216,Clothing,3,0
1032,2:12,11969,Electronics,5,0
1033,18:46,627,Online,18,0
1034,10:31,23488,Fuel,24,1
1035,15:05,18033,Clothing,17,0
1036,7:04,44465,Online,15,1
1037,17:50,,Electronics,16,0
1038,3:42,46092,Clothing,12,0
1039,14:44,1873,Fuel,19,0
1040,5:15,32321,Clothing,6,0
1041,6:23,28340,Electronics,12,1
1042,19:19,33946,Grocery,22,1
1043,8:52,29188,Grocery,12,0
1044,21:30,23685,Grocery,20,0
1045,15:52,22426,Fuel,16,1
1046,15:33,20720,Clothing,10,0
1047,0:45,32731,Grocery,3,1
1048,19:42,17195,Clothing,20,0
1049,9:45,18851,Grocery,11,0
1050,2:11,14801,Clothing,20,0
1051,10:32,46976,Grocery,8,1
1052,9:02,22078,Grocery,10,0
1053,16:49,45498,Online,20,1
1054,3:00,17516,Grocery,14,1
1055,6:19,45930,Clothing,1,0
1056,19:22,28426,Electronics,9,0
1057,0:09,11310,Fuel,12,1
1058,15:54,6617,Electronics,4,1
1059,8:15,47705,Grocery,24,0
1060,17:59,17973,Online,25,0
1061,16:04,14499,Electronics,14,0
1062,20:18,27819,Grocery,19,1
1063,18:25,38007,Fuel,19,0
1064,3:26,23288,Electronics,12,0
1065,20:00,17675,Online,8,0
1066,23:48,13363,Online,20,0
1067,22:41,13544,Fuel,21,0
1068,1:58,37206,Fuel,1,0
1069,2:12,2287,Fuel,14,0
1070,8:10,32874,Grocery,17,0
1071,4:19,19704,Clothing,23,0
1072,2:28,3858,Grocery,15,0
1073,18:43,47914,Electronics,1,0
1074,2:48,1805,Clothing,6,0
1075,9:49,27958,Grocery,22,1
1076,19:55,41645,Electronics,25,1
1077,19:45,35152,Electronics,19,0
1078,21:19,389,Electronics,8,0
1079,6:10,31222,Clothing,25,1
1080,23:24,4099,Fuel,20,0
1081,9:24,33788,Fuel,7,0
1082,3:15,23347,Grocery,14,0
1083,9:40,12322,Grocery,10,1
1084,22:11,43722,Clothing,20,0
1085,19:56,37479,Fuel,25,0
1086,21:28,18117,Fuel,12,1
1087,7:31,34752,Grocery,15,0
1088,18:13,16376,Fuel,8,0
1089,9:01,28010,Online,1,0
1090,16:24,41085,Clothing,2,0
1091,9:41,36743,Fuel,12,1
1092,4:34,7096,Grocery,10,0
1093,19:56,11758,Grocery,25,0
1094,11:38,18986,Online,23,0
1095,17:15,9447,Fuel,24,0
1096,2:48,14516,Online,5,0
1097,10:54,14024,Fuel,1,0
1098,1:09,8247,Grocery,12,0
1099,19:48,9752,Grocery,5,0
1100,8:43,25620,Clothing,16,0
1101,15:47,3043,Fuel,4,0
1102,13:23,32748,Electronics,11,1
1103,20:28,25253,Clothing,20,1
1104,0:15,18986,Online,19,0
1105,12:00,13419,Grocery,8,0
1106,16:29,42367,Electronics,21,0
1107,0:39,7773,Electronics,22,0
1108,14:22,41019,Online,1,0
1109,5:18,49017,Fuel,13,1
1110,17:08,,Clothing,7,0
1111,7:51,26178,Grocery,12,1
1112,20:48,19039,Online,9,0
1113,2:23,989,Electronics,4,0
1114,6:55,5839,Clothing,15,0
1115,8:33,41274,Fuel,2,0
1116,23:55,17246,Grocery,16,0
1117,21:54,43061,Clothing,21,1
1118,6:44,40871,Electronics,13,1
1119,16:37,7055,Grocery,9,0
1120,6:05,17293,Fuel,19,0
1121,14:03,41176,Fuel,10,0
1122,7:34,30869,Fuel,16,0
1123,23:54,47465,Grocery,16,0
1124,11:06,1508,Grocery,20,0
1125,12:08,33237,Fuel,22,0
1126,5:44,9528,Grocery,12,0
1127,7:16,32109,Fuel,4,0
1128,16:01,19690,Grocery,22,0
1129,17:49,39742,Clothing,9,0
1130,4:33,38915,Fuel,24,1
1131,9:10,40804,Fuel,4,0
1132,13:21,49299,Fuel,6,0
1133,12:49,47029,Online,20,1
1134,10:39,36211,Fuel,24,0
1135,20:01,36189,Online,7,0
1136,10:20,27616,Electronics,8,0
1137,15:44,40148,Fuel,1,0
1138,6:20,32895,Grocery,16,0
1139,21:36,22604,Electronics,15,0
1140,7:48,4785,Fuel,8,0
1141,2:57,22775,Clothing,9,0
1142,23:30,15014,Online,9,0
1143,13:16,34895,Online,5,0
1144,16:28,24079,Grocery,18,0
1145,7:15,29166,Electronics,3,0
1146,16:37,21840,Fuel,23,1
1147,12:04,6450,Electronics,21,1
1148,7:51,18133,Grocery,11,0
1149,14:31,14306,Online,20,0
1150,13:34,19868,Clothing,12,0
1151,12:21,29657,Fuel,16,1
1152,19:41,3120,Grocery,11,0
1153,5:03,43075,Online,1,0
1154,1:33,41780,Clothing,10,0
1155,9:14,46916,Clothing,10,0
1156,23:42,35404,Electronics,19,0
1157,17:34,19642,Electronics,14,0
1158,21:24,36569,Online,11,1
1159,4:12,13637,Online,19,0
1160,12:50,35366,Fuel,21,0
1161,18:52,18486,Online,2,0
1162,12:57,5663,Electronics,17,0
1163,4:36,33823,Clothing,13,1
1164,18:24,32056,Online,17,1
1165,11:23,24811,Fuel,2,0
1166,6:29,22111,Clothing,8,0
1167,22:55,33279,Fuel,11,0
1168,10:44,19000,Clothing,23,0
1169,12:52,6786,Grocery,4,1
1170,12:34,19143,Fuel,14,0
1171,5:07,42963,Clothing,18,0
1172,19:58,3079,Online,19,0
1173,9:38,37093,Grocery,6,0
1174,11:37,35654,Electronics,1,0
1175,20:11,35213,Fuel,12,1
1176,5:14,18092,Grocery,1,0
1177,3:32,5891,Fuel,20,0
1178,22:34,46442,Clothing,22,0
1179,9:04,10603,Online,22,0
1180,2:46,49199,Fuel,9,0
1181,2:23,41361,Online,8,0
1182,19:53,11206,Grocery,22,0
1183,17:52,35392,Electronics,24,1
1184,7:53,23171,Fuel,18,0
1185,20:20,42146,Clothing,21,0
1186,20:08,,Grocery,18,0
1187,13:25,13733,Online,25,0
1188,15:26,17004,Grocery,12,1
1189,13:57,,Online,22,1
1190,14:31,13090,Grocery,14,0
1191,18:04,42441,Grocery,10,0
1192,5:57,769,Electronics,7,0
1193,9:06,35686,Grocery,25,0
1194,8:20,989,Online,12,0
1195,18:16,,Grocery,7,0
1196,10:31,36731,Electronics,23,1
1197,10:54,987,Online,3,0
1198,22:32,23547,Fuel,13,0
1199,13:25,38194,Grocery,23,1
1200,16:39,41829,Clothing,9,0
1201,10:05,47127,Grocery,10,0
1202,15:13,28090,Online,19,0
1203,7:16,19290,Electronics,9,0
1204,17:50,40656,Electronics,22,0
1205,10:25,29794,Electronics,9,0
1206,17:20,40572,Grocery,9,1
1207,13:41,2848,Clothing,3,0
1208,2:10,22743,Online,11,1
1209,20:26,16966,Electronics,25,0
1210,2:33,11830,Clothing,21,0
1211,7:23,6440,Fuel,25,0
1212,12:48,37109,Clothing,25,0
1213,16:48,44869,Clothing,4,0
1214,4:53,16926,Clothing,1,0
1215,3:11,13961,Online,24,0
1216,15:41,26112,Clothing,15,0
1217,14:07,10829,Electronics,1,0
1218,23:09,27327,Fuel,25,0
1219,15:01,21879,Fuel,12,0
1220,19:55,46764,Grocery,1,0
1221,11:28,18546,Electronics,14,0
1222,6:10,,Online,11,0
1223,17:05,2283,Online,24,0
1224,7:21,10172,Fuel,14,0
1225,4:44,30691,Grocery,24,0
1226,23:18,9109,Electronics,21,1
1227,17:36,43001,Grocery,24,1
1228,10:03,5883,Clothing,23,0
1229,7:50,12264,Grocery,2,0
1230,14:46,12394,Clothing,1,0
1231,21:08,47022,Grocery,5,0
1232,1:42,45266,Clothing,10,0
1233,14:28,28618,Fuel,4,0
1234,8:04,,Fuel,7,0
1235,22:58,25271,Clothing,23,1
1236,3:12,16058,Clothing,13,0
1237,7:37,33127,Fuel,15,1
1238,0:32,7564,Online,1,0
1239,11:37,33203,Online,14,0
1240,20:54,15969,Grocery,10,0
1241,22:56,27200,Online,14,1
1242,1:30,21449,Grocery,17,0
1243,19:48,823,Electronics,12,0
1244,11:45,47449,Grocery,9,0
1245,4:41,,Online,18,0
1246,5:42,10112,Fuel,8,1
1247,8:50,17438,Grocery,24,1
1248,0:30,11399,Electronics,18,0
1249,2:25,,Online,14,0
1250,16:10,22053,Fuel,3,0
1251,16:05,30735,Online,13,1
1252,20:57,7297,Clothing,24,0
1253,18:55,27800,Online,19,1
1254,17:37,33719,Online,18,0
1255,4:45,32085,Fuel,3,0
1256,14:23,,Grocery,25,0
1257,4:21,48197,Clothing,7,0
1258,17:14,32690,Clothing,24,0
1259,21:06,30388,Online,20,0
1260,8:34,8332,Clothing,23,0
1261,13:37,40064,Online,19,1
1262,10:13,49941,Grocery,4,0
1263,1:31,37473,Online,10,0
1264,13:00,11423,Clothing,7,0
1265,3:22,39859,Fuel,5,1
1266,6:06,39440,Clothing,25,0
1267,21:45,18792,Fuel,13,1
1268,8:22,26473,Grocery,16,1
1269,0:38,18013,Fuel,20,1
1270,18:26,,Clothing,15,0
1271,12:30,13609,Electronics,2,0
1272,21:54,25475,Fuel,23,0
1273,5:41,40585,Clothing,23,1
1274,15:41,32374,Online,2,0
1275,10:41,14320,Grocery,21,1
1276,18:28,36004,Fuel,15,0
1277,2:02,5068,Clothing,7,0
1278,12:07,20751,Grocery,7,0
1279,13:03,14966,Electronics,4,0
1280,10:48,41790,Electronics,8,0
1281,8:25,43422,Online,18,0
1282,17:32,7908,Online,20,0
1283,9:08,19821,Online,10,0
1284,0:18,22054,Electronics,22,0
1285,8:47,,Fuel,25,0
1286,8:02,12091,Online,19,0
1287,23:23,7837,Fuel,25,0
1288,11:17,29893,Clothing,4,1
1289,19:15,17302,Online,4,0
1290,21:02,48395,Clothing,23,0
1291,0:03,9011,Fuel,14,0
1292,6:16,42109,Electronics,25,1
1293,19:15,10602,Online,20,0
1294,12:54,42026,Clothing,25,0
1295,12:01,15879,Grocery,21,1
1296,16:53,38941,Online,11,0
1297,12:14,15600,Fuel,21,0
1298,3:22,4210,Electronics,17,0
1299,0:53,38262,Grocery,18,0
1300,13:39,,Fuel,6,0
1301,6:02,43409,Online,24,0
1302,16:19,49781,Grocery,20,0
1303,7:39,2679,Electronics,16,0
1304,6:53,46885,Clothing,9,0
1305,13:56,31964,Grocery,14,0
1306,15:49,49249,Online,6,0
1307,3:25,49647,Online,25,1
1308,7:46,41256,Electronics,18,0
1309,8:24,47443,Online,14,1
1310,2:56,7610,Clothing,3,0
1311,5:32,5123,Online,6,0
1312,2:27,23118,Clothing,2,0
1313,20:48,20035,Grocery,18,1
1314,19:47,43292,Online,10,0
1315,5:05,41104,Online,12,1
1316,10:35,29119,Grocery,12,0
1317,8:31,43993,Electronics,9,0
1318,22:13,45144,Electronics,18,0
1319,18:41,22179,Clothing,9,0
1320,1:23,9108,Fuel,16,0
1321,10:58,46552,Grocery,1,0
1322,20:15,35651,Grocery,11,1
1323,6:54,5503,Clothing,25,0
1324,11:29,48985,Fuel,6,0
1325,9:31,2798,Online,25,0
1326,22:05,30573,Fuel,8,0
1327,7:19,45112,Clothing,12,1
1328,11:53,25134,Online,18,1
1329,2:53,23395,Clothing,22,0
1330,12:23,35380,Fuel,3,0
1331,2:52,49343,Online,10,0
1332,16:24,41678,Clothing,15,0
1333,11:04,37113,Fuel,23,1
1334,20:03,16252,Online,5,0
1335,4:15,14498,Fuel,10,0
1336,23:06,1143,Grocery,24,0
1337,6:28,48127,Grocery,21,0
1338,22:16,28529,Clothing,20,1
1339,3:40,32189,Electronics,3,1
1340,1:50,14740,Electronics,14,0
1341,19:12,,Clothing,19,0
1342,15:17,7547,Grocery,7,0
1343,5:45,32219,Grocery,8,0
1344,23:17,47290,Grocery,18,0
1345,21:28,34002,Clothing,14,0
1346,9:45,,Electronics,15,0
1347,7:37,27300,Fuel,12,1
1348,11:13,2034,Electronics,18,0
1349,6:43,13069,Grocery,3,0
1350,0:31,2979,Grocery,16,0
1351,17:48,42662,Online,14,1
1352,7:38,16723,Online,7,0
1353,8:12,8905,Online,7,0
1354,23:32,7230,Grocery,25,0
1355,16:50,,Grocery,23,1
1356,5:19,6417,Electronics,5,0
1357,1:00,38333,Clothing,10,0
1358,11:15,17160,Clothing,19,0
1359,7:25,9582,Fuel,10,0
1360,7:18,37749,Grocery,6,0
1361,5:07,36194,Grocery,19,0
1362,3:29,9577,Fuel,13,0
1363,4:26,4600,Fuel,16,0
1364,5:19,7901,Online,18,0
1365,8:27,19845,Fuel,19,1
1366,18:28,36891,Electronics,12,1
1367,21:50,24074,Fuel,19,0
1368,5:49,27747,Online,8,0
1369,14:06,516,Online,1,0
1370,3:53,48524,Clothing,17,0
1371,23:33,2551,Electronics,2,0
1372,17:19,32529,Clothing,16,0
1373,1:48,41256,Clothing,9,0
1374,15:05,19104,Online,6,0
1375,20:39,42199,Electronics,21,1
1376,15:17,24211,Fuel,8,0
1377,2:57,33409,Electronics,1,0
1378,3:44,29673,Electronics,16,0
1379,2:39,47545,Clothing,25,1
1380,10:42,6407,Electronics,3,0
1381,11:15,22056,Grocery,10,0
1382,21:08,1211,Fuel,11,0
1383,3:13,39609,Clothing,24,1
1384,2:36,6125,Fuel,22,0
1385,17:45,11524,Clothing,2,0
1386,3:27,25359,Electronics,18,0
1387,22:58,3723,Electronics,5,0
1388,21:35,5491,Fuel,9,0
1389,4:07,10523,Electronics,24,0
1390,11:17,28833,Online,14,1
1391,5:13,27460,Online,7,0
1392,2:00,4754,Clothing,12,0
1393,8:10,2280,Electronics,19,0
1394,4:06,4233,Fuel,23,0
1395,8:25,27066,Electronics,19,0
1396,22:10,41964,Fuel,25,1
1397,1:28,11316,Clothing,12,0
1398,5:02,24111,Electronics,16,0
1399,14:16,8565,Clothing,19,0
1400,10:56,6607,Online,13,0
1401,11:37,26194,Clothing,16,1
1402,15:30,2630,Grocery,24,0
1403,7:14,21268,Electronics,19,0
1404,8:46,,Electronics,8,0
1405,21:18,24730,Electronics,9,0
1406,8:08,36922,Online,25,0
1407,22:40,21024,Grocery,4,0
1408,22:53,618,Grocery,11,1
1409,3:40,24559,Clothing,6,0
1410,12:06,49375,Clothing,2,0
1411,13:28,6858,Online,3,0
1412,4:02,36301,Fuel,10,0
1413,6:38,8044,Electronics,1,0
1414,23:46,43168,Fuel,6,0
1415,13:47,41896,Clothing,19,1
1416,0:05,18288,Online,9,0
1417,18:57,37286,Clothing,18,1
1418,12:51,3205,Clothing,25,0
1419,16:08,8029,Online,13,0
1420,0:42,8449,Electronics,23,0
1421,7:34,17018,Clothing,25,1
1422,16:16,2522,Electronics,1,0
1423,9:36,15932,Grocery,11,0
1424,23:36,25221,Fuel,3,0
1425,21:26,38185,Online,20,0
1426,16:39,14986,Grocery,24,0
1427,22:13,21358,Online,8,0
1428,3:23,4977,Grocery,8,0
1429,2:39,30264,Clothing,19,1
1430,8:03,14014,Electronics,2,0
1431,13:39,45652,Electronics,19,0
1432,13:16,26097,Fuel,20,1
1433,2:05,28566,Clothing,1,0
1434,19:33,15549,Online,2,0
1435,2:01,41650,Electronics,21,1
1436,8:21,41153,Clothing,6,0
1437,8:34,10726,Fuel,4,0
1438,22:46,3459,Fuel,17,1
1439,10:20,,Clothing,15,0
1440,18:52,24341,Grocery,11,1
1441,23:58,6195,Grocery,17,0
1442,2:39,31615,Online,1,0
1443,7:31,25524,Grocery,25,0
1444,12:17,,Electronics,10,0
1445,9:58,43525,Fuel,20,0
1446,19:36,24352,Grocery,14,0
1447,4:38,15546,Clothing,24,0
1448,8:01,46943,Electronics,20,1
1449,5:43,48185,Electronics,5,0
1450,2:30,15286,Electronics,9,0
1451,6:00,18925,Online,16,1
1452,12:40,24758,Electronics,10,0
1453,3:46,32822,Fuel,14,1
1454,15:31,16283,Electronics,10,0
1455,12:50,37573,Fuel,3,0
1456,19:12,34352,Clothing,1,0
1457,2:53,6468,Clothing,17,0
1458,19:40,42157,Clothing,4,0
1459,17:49,1608,Electronics,9,0
1460,4:19,21756,Electronics,17,0
1461,19:21,45077,Electronics,22,0
1462,16:37,,Grocery,20,0
1463,2:02,1889,Online,21,0
1464,19:35,12468,Grocery,10,0
1465,1:53,32421,Fuel,5,0
1466,15:56,46321,Online,1,0
1467,9:53,17323,Fuel,11,0
1468,23:46,47627,Fuel,6,0
1469,4:14,37578,Fuel,11,1
1470,22:29,2116,Grocery,16,0
1471,14:46,45885,Fuel,3,1
1472,23:30,28418,Clothing,16,0
1473,20:17,18725,Grocery,3,1
1474,22:10,,Clothing,24,0
1475,5:33,6565,Clothing,25,0
1476,19:26,44583,Clothing,15,0
1477,8:01,,Electronics,9,0
1478,15:34,6481,Fuel,25,0
1479,12:25,,Online,7,0
1480,2:26,5179,Online,8,0
1481,3:12,,Electronics,10,0
1482,18:13,8009,Clothing,22,0
1483,3:45,10967,Clothing,4,0
1484,2:17,40684,Online,11,1
1485,21:01,288,Electronics,4,0
1486,19:45,48461,Electronics,6,0
1487,5:08,35926,Fuel,23,1
1488,21:18,42411,Electronics,20,0
1489,16:19,9191,Online,16,0
1490,2:01,34330,Grocery,18,0
1491,20:53,11693,Fuel,17,0
1492,9:03,27718,Electronics,12,1
1493,15:22,23565,Grocery,16,0
1494,11:26,11771,Fuel,6,0
1495,3:14,47041,Grocery,17,1
1496,15:20,10573,Clothing,9,0
1497,1:18,22038,Clothing,1,0
1498,19:26,3353,Electronics,19,0
1499,16:13,16194,Electronics,5,0
1500,3:00,6971,Clothing,18,0
1501,11:34,20717,Electronics,1,0
1502,5:33,21737,Clothing,19,1
1503,1:33,28524,Fuel,4,0
1504,21:45,12429,Fuel,3,0
1505,12:21,15583,Grocery,22,0
1506,2:04,34598,Clothing,13,0
1507,19:19,21604,Fuel,2,0
1508,12:25,3679,Fuel,12,0
1509,8:52,12135,Fuel,12,0
1510,23:26,27037,Electronics,12,1
1511,13:16,,Electronics,15,0
1512,13:00,21681,Online,20,0
1513,6:26,35609,Electronics,4,0
1514,15:11,33355,Fuel,20,0
1515,17:34,4112,Grocery,15,0
1516,13:09,8327,Online,16,0
1517,9:18,22610,Grocery,14,0
1518,12:05,,Grocery,9,0
1519,6:56,17711,Fuel,18,0
1520,4:33,23448,Fuel,14,0
1521,1:38,10477,Online,24,0
1522,6:44,31591,Clothing,23,0
1523,11:25,10449,Clothing,9,0
1524,8:30,46971,Electronics,9,0
1525,5:23,29061,Online,1,0
1526,16:39,34844,Fuel,11,0
1527,1:44,33304,Grocery,18,0
1528,19:22,16253,Clothing,10,0
1529,0:39,26757,Grocery,23,0
1530,4:25,40564,Fuel,25,0
1531,22:28,35106,Fuel,7,0
1532,5:00,10964,Clothing,22,0
1533,6:07,5322,Fuel,2,0
1534,1:12,13433,Electronics,23,0
1535,22:44,9761,Online,23,0
1536,11:54,48072,Clothing,18,0
1537,7:33,31226,Fuel,22,0
1538,8:12,,Electronics,18,0
1539,20:42,6866,Fuel,18,0
1540,7:37,10032,Clothing,15,0
1541,2:27,37267,Electronics,3,0
1542,18:36,42871,Online,21,1
1543,18:26,47099,Clothing,14,0
1544,12:11,29231,Fuel,14,0
1545,3:22,4771,Clothing,22,0
1546,8:37,34328,Fuel,10,0
1547,16:22,14532,Grocery,1,0
1548,12:50,38161,Clothing,13,0
1549,19:26,22093,Grocery,6,0
1550,18:18,22797,Online,22,0
1551,16:21,25712,Electronics,13,1
1552,10:04,33331,Grocery,21,0
1553,9:20,26204,Online,19,1
1554,11:54,49532,Online,9,0
1555,19:04,22092,Fuel,1,0
1556,0:58,17653,Electronics,16,1
1557,3:08,29959,Online,4,0
1558,21:23,2187,Grocery,20,0
1559,16:21,23941,Grocery,11,1
1560,5:19,27618,Electronics,2,1
1561,4:32,,Electronics,16,0
1562,22:35,19570,Electronics,2,0
1563,19:07,11064,Fuel,7,0
1564,22:59,12605,Grocery,22,0
1565,7:57,45013,Clothing,19,1
1566,14:06,16942,Clothing,21,0
1567,0:09,28435,Grocery,8,0
1568,22:37,,Grocery,12,0
1569,15:34,20440,Fuel,11,1
1570,14:54,38681,Online,10,0
1571,8:01,33160,Electronics,14,0
1572,4:41,10047,Online,8,0
1573,16:19,47040,Clothing,18,0
1574,22:24,,Clothing,24,0
1575,7:35,34216,Clothing,5,0
1576,7:06,4458,Electronics,11,0
1577,5:31,36850,Online,12,0
1578,0:45,3055,Fuel,22,0
1579,12:42,21558,Electronics,12,1
1580,6:27,24202,Online,1,0
1581,20:36,45617,Electronics,11,0
1582,20:25,15741,Online,23,0
1583,20:39,12719,Online,1,0
1584,2:57,18164,Electronics,19,0
1585,0:13,49807,Electronics,17,0
1586,7:21,23680,Online,19,0
1587,9:15,4044,Electronics,23,0
1588,16:03,34183,Electronics,17,1
1589,6:45,27672,Clothing,5,0
1590,19:56,26975,Fuel,20,1
1591,22:50,31907,Fuel,21,0
1592,12:14,47396,Electronics,4,0
1593,1:13,33260,Fuel,17,1
1594,5:26,12648,Clothing,19,0
1595,15:00,24027,Electronics,8,0
1596,2:19,29611,Grocery,4,0
1597,6:28,2194,Fuel,19,0
1598,1:20,19459,Electronics,8,0
1599,2:45,3111,Fuel,15,0
1600,21:07,,Online,5,0
1601,5:28,49321,Electronics,8,0
1602,6:01,12630,Clothing,8,0
1603,11:11,47456,Fuel,2,0
1604,12:16,25446,Clothing,11,1
1605,13:34,23754,Grocery,1,0
1606,14:03,10733,Online,21,0
1607,8:08,,Fuel,22,1
1608,19:48,30585,Online,11,0
1609,18:01,3896,Clothing,15,0
1610,12:30,16325,Clothing,15,0
1611,17:10,13129,Clothing,23,1
1612,2:59,13177,Clothing,20,0
1613,15:50,12683,Grocery,10,0
1614,21:44,24269,Grocery,5,0
1615,8:46,5681,Grocery,8,0
1616,7:19,18153,Grocery,7,0
1617,19:09,27688,Electronics,8,0
1618,1:53,20597,Grocery,15,0
1619,18:57,21486,Online,14,0
1620,7:40,24600,Electronics,2,0
1621,8:40,13299,Electronics,20,0
1622,17:35,11707,Electronics,1,0
1623,8:36,36101,Grocery,25,1
1624,11:54,10330,Clothing,11,0
1625,5:30,32865,Clothing,1,0
1626,20:53,28998,Fuel,13,0
1627,0:25,,Fuel,15,0
1628,22:12,38769,Fuel,4,0
1629,3:44,47812,Grocery,7,0
1630,20:14,32876,Fuel,12,1
1631,15:59,33444,Online,17,0
1632,0:40,35970,Clothing,14,1
1633,11:13,30276,Clothing,7,0
1634,18:22,6501,Electronics,1,0
1635,4:28,8885,Electronics,20,0
1636,19:54,24584,Clothing,20,0
1637,12:33,7270,Online,15,0
1638,4:06,12246,Fuel,23,0
1639,15:24,46738,Online,17,1
1640,17:26,31477,Online,12,0
1641,1:09,43911,Online,11,0
1642,13:38,9822,Fuel,7,0
1643,23:38,47608,Online,21,0
1644,14:11,11546,Grocery,23,0
1645,1:03,2551,Clothing,14,0
1646,14:15,4511,Electronics,10,0
1647,16:33,22974,Clothing,22,1
1648,12:49,22596,Clothing,20,0
1649,13:50,1635,Fuel,5,0
1650,8:31,11419,Clothing,4,0
1651,15:58,48666,Clothing,18,0
1652,5:46,49935,Grocery,3,0
1653,23:12,33248,Clothing,10,0
1654,2:06,36645,Online,6,0
1655,14:54,33481,Fuel,25,0
1656,19:13,44406,Clothing,24,0
1657,5:53,23322,Electronics,4,0
1658,9:24,35074,Electronics,16,1
1659,22:04,8375,Fuel,4,0
1660,21:03,18050,Electronics,3,0
1661,6:44,6560,Fuel,15,1
1662,14:11,48168,Electronics,10,0
1663,22:02,14990,Clothing,17,0
1664,23:30,25715,Electronics,16,1
1665,17:43,7962,Electronics,16,0
1666,20:50,49655,Clothing,1,0
1667,23:58,40966,Clothing,18,1
1668,3:16,12128,Clothing,16,1
1669,10:00,31303,Fuel,21,1
1670,2:09,26109,Clothing,22,1
1671,21:37,31863,Clothing,14,0
1672,13:07,41117,Clothing,6,1
1673,12:39,27424,Fuel,11,0
1674,14:41,49811,Electronics,8,0
1675,22:19,39996,Grocery,16,1
1676,11:17,22815,Online,21,1
1677,15:41,19017,Electronics,6,0
1678,12:31,41034,Electronics,3,1
1679,13:49,12784,Clothing,8,0
1680,1:52,17584,Grocery,12,0
1681,18:05,3870,Grocery,10,0
1682,11:11,,Grocery,8,0
1683,1:33,21105,Electronics,3,0
1684,7:49,30172,Clothing,9,0
1685,4:12,26682,Online,20,1
1686,20:52,17007,Online,20,0
1687,3:23,30542,Clothing,6,0
1688,13:50,36533,Fuel,19,1
1689,8:22,44244,Clothing,6,0
1690,0:35,5282,Clothing,19,0
1691,16:36,14139,Clothing,11,0
1692,13:57,22016,Online,13,0
1693,13:23,9868,Electronics,7,0
1694,6:48,13212,Electronics,24,0
1695,12:16,22233,Electronics,10,0
1696,5:31,31620,Online,25,0
1697,16:07,26085,Fuel,12,0
1698,23:26,24814,Online,18,0
1699,3:33,7142,Fuel,12,0
1700,14:44,23356,Online,25,0
1701,17:23,26738,Fuel,14,1
1702,8:22,29821,Electronics,10,0
1703,0:59,48772,Clothing,15,1
1704,21:41,40880,Electronics,5,0
1705,4:09,8620,Electronics,1,0
1706,6:32,37333,Fuel,11,0
1707,6:00,2361,Electronics,23,0
1708,11:23,46893,Clothing,13,1
1709,18:01,38619,Grocery,16,0
1710,17:06,7153,Online,17,0
1711,17:22,19662,Online,21,1
1712,21:57,43507,Online,16,0
1713,14:44,19612,Electronics,17,0
1714,2:11,12799,Clothing,3,0
1715,22:55,14333,Electronics,5,0
1716,11:02,9602,Electronics,15,0
1717,13:27,27343,Online,18,0
1718,6:27,19561,Fuel,21,0
1719,7:59,22084,Online,23,1
1720,11:44,31937,Online,2,0
1721,11:25,21141,Electronics,4,0
1722,17:02,13209,Electronics,22,0
1723,2:34,40803,Online,18,0
1724,14:15,9263,Grocery,15,0
1725,0:24,13544,Fuel,24,0
1726,17:58,29233,Electronics,21,1
1727,9:01,4982,Fuel,16,1
1728,12:18,18953,Electronics,13,1
1729,22:15,27149,Clothing,8,0
1730,22:49,34350,Online,8,0
1731,7:53,17179,Clothing,24,1
1732,16:23,39478,Grocery,16,0
1733,7:44,,Fuel,13,0
1734,8:20,23491,Fuel,3,0
1735,13:54,27108,Online,3,0
1736,3:11,5766,Grocery,17,0
1737,13:42,32104,Electronics,14,0
1738,20:38,35343,Grocery,24,1
1739,13:27,15171,Grocery,2,0
1740,19:41,32783,Clothing,4,0
1741,11:45,49927,Grocery,11,0
1742,19:31,5061,Online,23,0
1743,14:20,16175,Electronics,25,0
1744,11:36,23700,Grocery,13,0
1745,0:55,,Clothing,17,0
1746,11:09,2630,Fuel,25,0
1747,0:15,43193,Clothing,4,0
1748,0:25,33787,Grocery,9,0
1749,22:23,7574,Online,5,0
1750,9:17,28493,Electronics,1,0
1751,21:27,17650,Fuel,3,0
1752,20:21,46806,Fuel,3,0
1753,22:40,21267,Fuel,8,0
1754,22:55,24637,Grocery,17,0
1755,15:46,47018,Online,22,1
1756,8:25,19493,Grocery,11,1
1757,23:57,38651,Clothing,1,0
1758,21:54,4830,Electronics,8,0
1759,3:52,5430,Clothing,22,0
1760,14:34,14268,Fuel,14,0
1761,2:28,21946,Clothing,8,0
1762,12:47,35902,Grocery,3,0
1763,1:53,16580,Fuel,6,0
1764,6:15,44118,Online,14,0
1765,3:51,16477,Clothing,2,0
1766,3:06,37754,Online,19,0
1767,13:08,45787,Clothing,21,0
1768,8:13,47343,Online,17,0
1769,1:08,5935,Electronics,14,0
1770,19:57,47769,Clothing,14,0
1771,15:13,46723,Clothing,16,0
1772,9:51,21386,Clothing,1,0
1773,17:28,34021,Electronics,4,0
1774,23:20,37192,Fuel,6,1
1775,2:15,36758,Fuel,19,1
1776,11:07,18200,Online,5,0
1777,4:30,45911,Fuel,22,1
1778,13:00,11531,Grocery,19,0
1779,13:55,46993,Electronics,17,0
1780,9:58,29898,Clothing,23,1
1781,16:46,23593,Online,16,0
1782,3:36,45169,Fuel,24,1
1783,12:57,47435,Electronics,7,0
1784,10:14,24902,Clothing,7,0
1785,23:19,44213,Clothing,6,0
1786,4:02,44096,Grocery,16,0
1787,21:32,49055,Electronics,25,0
1788,1:17,45353,Fuel,23,1
1789,13:17,47723,Electronics,11,0
1790,7:34,38985,Clothing,21,1
1791,0:09,40511,Electronics,13,1
1792,12:49,26769,Clothing,9,0
1793,5:54,17765,Grocery,21,1
1794,7:21,15908,Clothing,13,0
1795,18:40,16086,Electronics,25,1
1796,8:41,34635,Electronics,2,0
1797,10:00,21624,Electronics,6,0
1798,2:55,49062,Clothing,16,1
1799,21:49,47981,Clothing,13,1
1800,5:05,49185,Grocery,21,0
1801,4:44,32081,Fuel,12,1
1802,14:08,29150,Fuel,10,0
1803,6:41,,Online,2,0
1804,18:27,46236,Online,20,1
1805,7:43,5805,Grocery,4,0
1806,21:45,15559,Fuel,16,1
1807,2:21,4715,Clothing,10,1
1808,6:38,25100,Online,9,0
1809,11:56,25038,Electronics,10,0
1810,11:49,24938,Fuel,18,0
1811,21:40,6904,Online,7,0
1812,20:24,34324,Clothing,13,1
1813,15:54,49255,Grocery,24,1
1814,14:38,39459,Clothing,11,0
1815,3:23,17443,Clothing,18,1
1816,15:51,12167,Clothing,2,0
1817,4:21,48625,Fuel,4,0
1818,17:38,12310,Clothing,8,0
1819,15:48,11859,Electronics,2,0
1820,16:28,47563,Grocery,24,0
1821,17:26,42272,Electronics,9,0
1822,11:50,6467,Fuel,2,0
1823,16:11,33376,Fuel,22,0
1824,1:46,,Clothing,17,0
1825,4:59,4846,Clothing,23,0
1826,11:37,27543,Clothing,7,0
1827,16:12,33419,Fuel,25,0
1828,17:30,35973,Clothing,15,1
1829,18:08,24899,Online,22,1
1830,10:43,17358,Clothing,6,0
1831,16:00,4706,Clothing,13,0
1832,15:12,6297,Grocery,3,0
1833,5:30,10612,Electronics,6,0
1834,2:21,10958,Clothing,23,0
1835,17:50,22924,Fuel,20,0
1836,21:58,2744,Electronics,2,0
1837,10:22,41673,Online,7,0
1838,3:07,11371,Grocery,18,0
1839,16:30,,Fuel,19,0
1840,11:02,32484,Clothing,19,1
1841,4:38,38425,Clothing,10,0
1842,2:44,129,Online,4,0
1843,2:56,48979,Online,14,1
1844,7:08,9614,Electronics,18,0
1845,13:51,44806,Online,7,1
1846,12:05,4442,Online,25,1
1847,7:25,34016,Clothing,25,0
1848,11:25,15203,Clothing,16,0
1849,13:53,33143,Clothing,10,0
1850,22:11,14682,Online,23,0
1851,14:26,19048,Electronics,24,1
1852,20:15,41195,Clothing,22,1
1853,20:35,31519,Clothing,18,0
1854,20:47,10932,Online,2,0
1855,13:02,17401,Clothing,3,0
1856,14:48,46167,Grocery,7,0
1857,12:56,30319,Electronics,17,0
1858,16:24,28519,Online,1,0
1859,7:54,6984,Fuel,9,0
1860,7:44,,Clothing,19,0
1861,7:35,34675,Online,7,0
1862,20:59,15453,Grocery,9,0
1863,6:23,9762,Fuel,21,0
1864,17:18,32681,Electronics,16,1
1865,6:54,32226,Electronics,4,0
1866,12:22,16314,Clothing,2,0
1867,18:08,33532,Grocery,25,1
1868,22:15,30783,Electronics,8,0
1869,21:00,5266,Electronics,11,0
1870,18:54,44585,Clothing,1,0
1871,10:27,25068,Online,19,0
1872,13:14,3789,Grocery,5,0
1873,14:16,21589,Online,1,0
1874,19:31,15033,Fuel,12,1
1875,10:54,32764,Online,8,0
1876,5:41,20624,Fuel,19,0
1877,0:37,23860,Grocery,19,1
1878,16:58,25755,Fuel,3,0
1879,1:39,11000,Clothing,11,0
1880,3:45,19569,Electronics,10,0
1881,20:52,15595,Electronics,3,0
1882,20:36,32532,Online,15,1
1883,4:06,37277,Clothing,10,0
1884,2:16,1159,Electronics,13,0
1885,12:03,17844,Electronics,16,0
1886,4:51,12842,Fuel,6,0
1887,10:39,42600,Clothing,1,0
1888,5:51,,Online,2,0
1889,11:38,20146,Grocery,10,0
1890,10:06,12785,Electronics,12,0
1891,17:05,35153,Clothing,24,0
1892,12:22,27941,Grocery,6,1
1893,0:05,275,Online,2,0
1894,3:37,2653,Grocery,19,0
1895,18:38,31702,Grocery,2,1
1896,8:43,10649,Grocery,18,0
1897,14:00,35425,Clothing,19,0
1898,22:04,5084,Electronics,16,0
1899,9:44,41215,Online,1,0
1900,14:22,14006,Online,5,0
1901,7:38,39112,Online,12,1
1902,9:14,957,Clothing,16,0
1903,16:01,14322,Online,5,0
1904,3:48,36498,Clothing,25,1
1905,20:31,2221,Clothing,7,0
1906,13:48,6593,Clothing,23,0
1907,15:36,7720,Online,19,0
1908,14:12,49087,Online,13,0
1909,22:23,32131,Online,11,0
1910,3:03,43953,Electronics,2,0
1911,5:47,,Fuel,2,0
1912,23:06,31319,Fuel,24,1
1913,21:54,14291,Fuel,20,0
1914,7:36,3001,Clothing,1,0
1915,7:31,21756,Clothing,23,0
1916,0:36,46083,Fuel,16,0
1917,0:46,33925,Grocery,21,0
1918,7:51,32572,Fuel,19,0
1919,21:36,35005,Fuel,20,0
1920,7:37,44799,Grocery,8,0
1921,12:48,3240,Online,4,0
1922,13:50,27077,Online,2,0
1923,15:03,10629,Grocery,3,0
1924,5:51,12797,Electronics,9,0
1925,3:37,13318,Fuel,9,0
1926,21:51,48178,Grocery,18,0
1927,10:53,37335,Online,6,0
1928,16:59,44336,Online,22,0
1929,6:11,13137,Online,1,0
1930,22:32,14158,Electronics,23,0
1931,23:40,3371,Online,8,0
1932,11:00,38049,Grocery,5,0
1933,15:53,31472,Grocery,5,1
1934,1:05,34184,Grocery,5,0
1935,16:42,5462,Grocery,14,0
1936,21:53,3758,Electronics,7,0
1937,18:36,40828,Fuel,6,1
1938,14:48,30362,Online,8,0
1939,0:58,12880,Fuel,3,0
1940,0:42,38141,Grocery,7,0
1941,2:37,35647,Grocery,25,1
1942,16:09,45759,Electronics,4,0
1943,17:59,17931,Grocery,7,1
1944,1:49,46642,Fuel,11,1
1945,14:58,35874,Electronics,5,0
1946,7:47,29109,Grocery,20,1
1947,16:17,2199,Electronics,4,0
1948,16:51,16075,Clothing,8,0
1949,5:39,47553,Fuel,6,0
1950,6:53,7316,Fuel,15,0
1951,4:36,38378,Online,24,1
1952,12:09,48416,Electronics,16,1
1953,19:26,29430,Electronics,3,0
1954,18:16,30991,Online,9,0
1955,18:29,47795,Electronics,13,0
1956,13:14,29578,Online,8,0
1957,21:51,8235,Clothing,10,1
1958,6:24,6257,Clothing,10,0
1959,21:49,47569,Fuel,10,0
1960,19:43,10821,Clothing,20,0
1961,3:42,6131,Online,17,0
1962,12:02,3742,Electronics,14,0
1963,14:38,2771,Online,22,0
1964,8:01,34753,Grocery,20,1
1965,10:58,21865,Clothing,9,0
1966,4:40,44055,Grocery,8,0
1967,7:21,29058,Electronics,23,0
1968,6:11,25573,Grocery,13,0
1969,10:45,32289,Fuel,4,0
1970,6:23,17728,Electronics,18,0
1971,16:42,13587,Online,6,0
1972,17:33,9333,Clothing,1,0
1973,23:43,49657,Clothing,15,0
1974,23:34,27730,Electronics,12,0
1975,16:13,33561,Clothing,5,0
1976,13:22,19782,Online,22,0
1977,11:43,43728,Online,2,0
1978,1:58,13313,Electronics,8,0
1979,19:54,24426,Clothing,22,0
1980,19:06,8683,Fuel,5,0
1981,7:21,35270,Clothing,15,1
1982,2:32,7448,Fuel,20,0
1983,13:10,26538,Clothing,5,0
1984,9:09,44839,Electronics,7,0
1985,21:55,45891,Online,2,0
1986,17:25,31584,Grocery,6,0
1987,22:29,43193,Clothing,24,0
1988,23:21,16480,Electronics,10,0
1989,15:56,3542,Clothing,15,0
1990,14:37,2301,Online,18,0
1991,14:26,24327,Online,17,0
1992,3:11,16428,Online,25,0
1993,1:43,37769,Clothing,16,1
1994,16:50,33616,Clothing,20,1
1995,21:28,9265,Fuel,19,0
1996,6:11,41616,Fuel,1,0
1997,4:55,1475,Fuel,6,0
1998,22:57,23428,Clothing,25,0
1999,10:46,47987,Fuel,23,1
2000,18:58,14535,Fuel,21,0
2001,18:22,49694,Grocery,2,0
2002,10:29,14934,Grocery,6,0
2003,14:17,40503,Electronics,25,0
2004,15:56,2616,Grocery,1,0
2005,18:22,45947,Electronics,17,0
2006,8:00,19759,Fuel,13,0
2007,15:26,43850,Clothing,25,0
2008,5:36,9375,Online,13,0
2009,16:37,17002,Electronics,2,0
2010,20:03,20273,Electronics,20,0
2011,9:46,16229,Fuel,17,0
2012,15:51,46928,Grocery,17,1
2013,6:59,5637,Grocery,23,0
2014,16:48,,Fuel,24,1
2015,4:27,35466,Fuel,1,0
2016,19:01,45666,Online,5,0
2017,7:39,22425,Online,9,0
2018,3:40,47093,Fuel,22,0
2019,23:23,12520,Clothing,13,0
2020,9:04,47844,Clothing,4,0
2021,17:23,3201,Clothing,21,0
2022,14:13,21112,Fuel,25,0
2023,17:35,45440,Electronics,17,0
2024,22:33,47765,Grocery,9,0
2025,11:40,30259,Online,24,0
2026,19:56,8455,Online,21,0
2027,14:42,30665,Clothing,7,0
2028,21:35,8146,Fuel,1,0
2029,5:02,46620,Electronics,15,1
2030,6:00,24798,Electronics,17,0
2031,13:03,35706,Grocery,2,0
2032,8:36,5690,Fuel,25,0
2033,7:45,31361,Clothing,6,0
2034,3:45,19913,Electronics,3,0
2035,8:52,5309,Electronics,12,0
2036,13:59,39359,Electronics,13,1
2037,15:05,17291,Online,1,0
2038,9:57,47740,Online,13,0
2039,18:01,45169,Clothing,24,0
2040,10:21,12383,Fuel,17,0
2041,8:51,42713,Clothing,1,0
2042,8:47,34618,Electronics,17,0
2043,6:49,10202,Clothing,4,0
2044,17:45,35648,Grocery,3,0
2045,9:06,27083,Electronics,4,0
2046,9:02,13645,Electronics,23,0
2047,6:48,4791,Grocery,24,0
2048,13:10,29411,Online,22,1
2049,7:34,26742,Online,22,0
2050,20:58,16767,Electronics,15,1
2051,4:16,10106,Clothing,11,0
2052,6:53,29090,Electronics,17,0
2053,23:21,26195,Online,15,1
2054,14:01,28027,Online,15,0
2055,23:02,36194,Online,1,0
2056,9:15,49083,Grocery,9,0
2057,3:06,35520,Clothing,5,0
2058,7:55,11423,Clothing,25,1
2059,10:03,12078,Online,24,0
2060,11:11,21837,Electronics,21,0
2061,14:06,29475,Fuel,3,0
2062,10:46,9659,Online,4,0
2063,6:35,39647,Fuel,23,0
2064,15:03,8574,Online,20,0
2065,3:03,37981,Online,20,0
2066,21:04,46867,Fuel,24,0
2067,15:21,24426,Fuel,2,0
2068,23:38,35129,Clothing,1,0
2069,15:48,21675,Clothing,11,1
2070,15:14,18079,Electronics,23,0
2071,23:24,9376,Electronics,4,0
2072,4:29,47171,Online,12,0
2073,21:07,7299,Electronics,22,0
2074,11:59,21602,Fuel,18,1
2075,6:04,,Grocery,13,0
2076,13:18,32782,Grocery,11,1
2077,0:32,17146,Fuel,11,0
2078,21:02,33756,Electronics,16,0
2079,19:36,42665,Grocery,1,0
2080,5:44,46018,Clothing,2,0
2081,18:25,48508,Grocery,17,1
2082,11:16,16845,Clothing,18,0
2083,11:19,2261,Fuel,4,0
2084,14:09,33245,Electronics,24,1
2085,20:10,16137,Grocery,9,1
2086,16:46,29784,Online,17,1
2087,13:07,14904,Clothing,17,0
2088,5:41,36000,Fuel,9,0
2089,23:19,34990,Clothing,1,1
2090,4:13,26372,Online,4,0
2091,20:30,26780,Electronics,16,0
2092,7:50,4584,Fuel,24,0
2093,16:58,14334,Electronics,9,0
2094,18:29,48938,Online,9,0
2095,0:30,,Clothing,10,0
2096,5:16,4320,Clothing,7,0
2097,14:18,32854,Grocery,3,0
2098,13:26,12851,Online,6,0
2099,20:41,1742,Online,25,0
2100,0:49,5081,Clothing,18,0
2101,4:55,47843,Clothing,18,0
2102,3:00,11924,Online,5,0
2103,11:44,5898,Electronics,14,0
2104,12:03,29995,Electronics,22,1
2105,0:46,2541,Clothing,4,0
2106,7:45,7572,Clothing,5,0
2107,1:50,14326,Fuel,22,0
2108,6:04,,Online,1,0
2109,22:23,45640,Fuel,21,0
2110,9:03,5145,Fuel,8,0
2111,7:54,6988,Clothing,9,0
2112,5:43,28879,Electronics,18,1
2113,18:36,38401,Online,11,0
2114,19:11,35237,Online,14,1
2115,0:26,,Fuel,18,0
2116,9:57,17596,Online,24,1
2117,21:10,29414,Grocery,8,0
2118,6:36,47531,Electronics,8,0
2119,8:42,1585,Online,14,1
2120,1:17,36116,Electronics,25,1
2121,21:30,39506,Clothing,7,0
2122,14:17,23115,Electronics,16,0
2123,13:18,31478,Clothing,22,0
2124,10:25,49066,Fuel,15,0
2125,0:30,21830,Fuel,25,0
2126,10:01,49347,Electronics,15,0
2127,13:25,26055,Electronics,6,0
2128,3:37,31084,Grocery,17,0
2129,1:04,12222,Online,9,0
2130,16:33,5961,Clothing,14,0
2131,20:44,49451,Fuel,22,1
2132,4:56,20987,Electronics,13,1
2133,23:02,30283,Electronics,15,0
2134,13:44,18185,Grocery,11,1
2135,21:54,5000,Clothing,18,0
2136,10:12,24126,Grocery,25,1
2137,8:41,31565,Grocery,8,0
2138,17:32,49728,Electronics,17,0
2139,8:27,1274,Clothing,1,0
2140,19:57,5536,Grocery,7,0
2141,6:32,30834,Electronics,8,0
2142,9:54,2694,Online,6,0
2143,4:49,2566,Fuel,4,0
2144,11:49,30643,Clothing,17,0
2145,5:26,36701,Electronics,19,1
2146,1:32,18493,Grocery,18,0
2147,23:14,32740,Grocery,11,0
2148,6:27,40420,Clothing,17,1
2149,11:55,32026,Grocery,9,0
2150,9:34,29506,Online,9,0
2151,16:20,24386,Grocery,12,0
2152,0:25,47716,Fuel,24,0
2153,6:44,24429,Grocery,14,1
2154,4:36,27768,Online,20,0
2155,9:55,388,Grocery,19,0
2156,14:00,41703,Clothing,24,1
2157,22:11,14001,Online,16,0
2158,4:31,12807,Clothing,22,0
2159,0:41,35307,Fuel,9,0
2160,21:05,40063,Electronics,19,0
2161,16:26,40459,Grocery,7,0
2162,0:44,28563,Online,1,0
2163,21:40,16920,Electronics,5,0
2164,20:26,6915,Online,11,1
2165,21:43,21059,Grocery,24,0
2166,0:01,38559,Clothing,13,0
2167,5:26,42603,Fuel,22,1
2168,6:41,19227,Fuel,23,0
2169,14:57,44531,Clothing,8,1
2170,21:10,,Fuel,23,1
2171,9:28,48656,Online,17,0
2172,8:41,3191,Grocery,21,0
2173,5:04,31686,Fuel,15,1
2174,4:34,1077,Clothing,5,0
2175,5:15,15240,Fuel,4,0
2176,3:34,7987,Fuel,25,0
2177,18:25,7200,Grocery,9,0
2178,10:10,16751,Grocery,14,1
2179,22:49,12957,Grocery,15,0
2180,22:37,18377,Online,15,0
2181,2:12,7645,Fuel,15,0
2182,12:06,5468,Online,7,0
2183,23:16,49781,Online,19,1
2184,22:46,23776,Fuel,14,0
2185,12:31,42445,Online,4,0
2186,3:08,8168,Online,15,0
2187,22:54,19697,Electronics,10,0
2188,8:45,28483,Clothing,20,1
2189,15:40,,Grocery,1,0
2190,19:52,13060,Clothing,7,0
2191,16:48,1736,Fuel,9,0
2192,20:35,7216,Fuel,7,0
2193,8:31,45848,Grocery,4,1
2194,9:35,6871,Electronics,4,0
2195,20:35,35570,Fuel,13,0
2196,19:14,27608,Clothing,19,0
2197,15:32,15478,Grocery,14,0
2198,23:09,16403,Online,10,0
2199,17:00,39611,Electronics,4,0
2200,15:13,3670,Electronics,14,0
2201,18:26,19941,Grocery,10,0
2202,23:27,37648,Electronics,8,0
2203,14:19,7281,Fuel,3,0
2204,23:52,1212,Grocery,1,0
2205,5:03,48656,Clothing,21,0
2206,20:18,40943,Fuel,13,0
2207,22:57,21154,Electronics,24,0
2208,8:53,4182,Electronics,10,1
2209,5:25,11924,Electronics,24,0
2210,22:54,13952,Electronics,24,0
2211,9:56,30454,Fuel,12,1
2212,4:59,19319,Electronics,9,0
2213,18:01,43347,Electronics,15,1
2214,7:16,20725,Fuel,23,0
2215,5:59,31644,Online,18,0
2216,11:18,,Online,2,0
2217,7:58,23899,Electronics,3,0
2218,10:45,33925,Online,11,0
2219,17:41,43235,Clothing,21,0
2220,9:46,9582,Grocery,20,0
2221,11:35,30134,Fuel,19,0
2222,0:18,5721,Fuel,4,1
2223,10:53,6892,Electronics,22,0
2224,2:02,44814,Grocery,13,0
2225,7:37,42989,Online,21,0
2226,12:15,5977,Clothing,4,0
2227,22:37,33829,Clothing,19,1
2228,13:06,47320,Online,18,1
2229,22:05,16488,Clothing,13,0
2230,19:23,48977,Fuel,14,0
2231,7:14,34383,Grocery,9,0
2232,8:20,34813,Fuel,18,0
2233,22:38,,Electronics,18,0
2234,15:59,38893,Fuel,14,1
2235,10:55,1615,Clothing,6,1
2236,6:54,39645,Grocery,8,1
2237,14:37,26464,Grocery,20,0
2238,4:14,49020,Online,21,0
2239,5:39,34329,Clothing,14,0
2240,12:16,4235,Fuel,25,0
2241,12:09,17614,Fuel,3,0
2242,21:37,22503,Grocery,23,1
2243,16:47,15027,Grocery,2,0
2244,4:32,14923,Electronics,21,0
2245,18:28,42885,Grocery,17,0
2246,4:09,32178,Electronics,23,1
2247,20:35,27768,Clothing,12,0
2248,2:04,48536,Clothing,16,0
2249,4:47,39250,Fuel,22,1
2250,6:36,12020,Grocery,6,0
2251,2:04,29750,Grocery,18,0
2252,8:59,33564,Fuel,10,0
2253,19:13,14320,Clothing,15,0
2254,15:20,9441,Online,8,0
2255,11:23,12862,Clothing,4,0
2256,3:45,16648,Grocery,12,1
2257,23:30,49656,Electronics,20,0
2258,3:52,3690,Grocery,25,1
2259,16:57,33973,Grocery,12,0
2260,15:22,7413,Clothing,14,0
2261,13:22,,Grocery,17,0
2262,2:02,17088,Online,16,0
2263,18:34,22808,Grocery,7,0
2264,5:14,33927,Electronics,23,1
2265,0:20,49428,Fuel,15,0
2266,1:08,17736,Clothing,9,0
2267,11:32,2755,Online,5,0
2268,3:21,,Online,19,0
2269,6:44,32071,Electronics,11,1
2270,12:23,,Clothing,2,0
2271,18:11,8185,Clothing,12,0
2272,13:21,33899,Electronics,23,1
2273,20:19,12070,Grocery,15,0
2274,20:29,12435,Online,19,0
2275,13:03,7035,Fuel,18,0
2276,6:12,19853,Clothing,20,0
2277,7:33,1924,Clothing,13,0
2278,23:09,33396,Fuel,16,1
2279,14:22,45535,Electronics,7,1
2280,17:24,,Online,14,0
2281,22:48,1945,Clothing,7,0
2282,19:46,8880,Fuel,8,0
2283,18:59,8400,Electronics,1,0
2284,12:24,47702,Clothing,5,0
2285,2:16,16688,Clothing,16,0
2286,1:51,38427,Clothing,4,0
2287,6:35,17417,Grocery,21,0
2288,0:32,9525,Online,23,0
2289,23:27,40125,Electronics,19,1
2290,15:51,31911,Electronics,3,0
2291,21:37,,Grocery,14,0
2292,19:42,6305,Online,19,0
2293,14:51,,Clothing,25,0
2294,10:18,16202,Grocery,11,1
2295,8:43,46000,Grocery,16,0
2296,1:55,23554,Electronics,3,0
2297,11:54,16577,Grocery,15,0
2298,15:48,10128,Fuel,21,0
2299,1:32,25153,Fuel,4,1
2300,13:51,18045,Online,23,1
2301,15:32,15187,Electronics,8,0
2302,15:20,29951,Online,3,0
2303,2:55,49298,Electronics,6,0
2304,13:42,27474,Clothing,5,0
2305,1:53,41079,Grocery,15,0
2306,11:36,25322,Fuel,20,1
2307,19:11,18164,Online,17,1
2308,1:47,,Electronics,16,0
2309,11:32,14291,Electronics,14,0
2310,15:45,15600,Clothing,4,0
2311,17:09,36567,Clothing,11,0
2312,14:04,31471,Grocery,3,0
2313,21:06,49242,Electronics,17,0
2314,21:20,14688,Grocery,3,0
2315,12:13,30546,Clothing,22,0
2316,15:40,45055,Grocery,22,0
2317,16:43,39806,Grocery,9,0
2318,23:29,48266,Clothing,19,1
2319,12:42,17373,Online,19,0
2320,22:50,45250,Clothing,8,0
2321,11:59,41444,Online,3,0
2322,8:11,49532,Clothing,4,1
2323,10:16,37135,Electronics,21,1
2324,10:02,30808,Grocery,6,0
2325,15:32,43925,Grocery,19,1
2326,16:19,6036,Clothing,1,0
2327,14:41,482,Grocery,22,0
2328,15:02,43013,Clothing,21,0
2329,16:49,20033,Grocery,5,0
2330,15:51,24364,Clothing,9,0
2331,2:05,17360,Electronics,2,0
2332,14:54,23994,Electronics,23,0
2333,9:15,8829,Grocery,13,0
2334,6:11,38433,Fuel,14,0
2335,4:01,37069,Grocery,15,0
2336,3:54,9224,Grocery,24,0
2337,18:55,9760,Grocery,20,0
2338,17:37,10202,Electronics,4,0
2339,19:07,44599,Fuel,5,0
2340,12:45,35828,Fuel,6,0
2341,19:02,37971,Fuel,20,0
2342,3:30,18833,Online,10,0
2343,18:00,16095,Clothing,18,1
2344,3:55,18401,Grocery,25,0
2345,13:01,10829,Electronics,7,0
2346,14:21,32050,Electronics,6,0
2347,15:43,47815,Clothing,4,0
2348,15:57,17817,Grocery,23,1
2349,17:56,38694,Clothing,25,0
2350,4:44,8229,Online,6,0
2351,20:21,792,Electronics,9,0
2352,0:41,8659,Grocery,1,0
2353,8:03,36680,Fuel,1,0
2354,22:02,,Fuel,20,0
2355,3:42,35925,Electronics,17,0
2356,13:06,4851,Fuel,6,0
2357,14:09,45503,Online,18,1
2358,9:55,48225,Electronics,9,0
2359,9:51,49308,Grocery,24,0
2360,7:47,5490,Fuel,25,0
2361,11:13,18178,Electronics,7,0
2362,7:11,15477,Online,9,0
2363,16:06,31186,Online,3,0
2364,3:29,1367,Grocery,9,0
2365,16:04,9404,Clothing,24,0
2366,3:57,12267,Electronics,7,0
2367,19:50,,Electronics,12,1
2368,12:40,38245,Electronics,13,1
2369,15:40,34472,Electronics,15,0
2370,20:15,9605,Grocery,17,1
2371,17:55,22787,Online,6,0
2372,20:12,47908,Clothing,16,0
2373,10:24,35640,Clothing,10,0
2374,3:26,,Fuel,13,0
2375,16:09,48270,Online,15,1
2376,1:35,26391,Fuel,14,1
2377,0:46,6587,Fuel,20,1
2378,18:25,5308,Clothing,13,0
2379,14:45,3966,Electronics,12,0
2380,7:46,19277,Grocery,18,0
2381,13:09,28449,Grocery,4,1
2382,12:58,7955,Online,23,0
2383,3:49,47278,Electronics,16,1
2384,14:31,49840,Grocery,1,0
2385,12:22,37097,Clothing,12,1
2386,7:53,28677,Online,12,1
2387,18:30,48066,Electronics,17,0
2388,10:29,20163,Fuel,21,1
2389,23:35,24215,Electronics,3,0
2390,21:50,46739,Clothing,8,0
2391,20:28,48434,Clothing,12,1
2392,8:20,45255,Online,17,1
2393,15:50,42148,Fuel,12,0
2394,3:08,16195,Electronics,11,1
2395,23:06,41090,Online,19,0
2396,11:31,,Online,16,0
2397,8:29,7579,Clothing,17,1
2398,14:44,25689,Electronics,12,0
2399,5:01,29381,Clothing,22,1
2400,4:42,43233,Online,23,1
2401,3:55,40798,Fuel,12,0
2402,1:03,21961,Fuel,18,0
2403,13:06,4660,Clothing,15,0
2404,11:30,15830,Clothing,25,0
2405,3:20,41136,Grocery,12,0
2406,21:02,26966,Electronics,3,1
2407,13:11,15046,Fuel,17,0
2408,4:09,25573,Electronics,10,0
2409,7:44,33784,Fuel,5,0
2410,11:45,16709,Grocery,1,0
2411,15:22,23665,Clothing,10,0
2412,7:33,,Grocery,15,0
2413,16:37,49391,Clothing,1,0
2414,23:37,46251,Clothing,21,1
2415,23:44,17335,Online,3,0
2416,15:57,40557,Grocery,20,1
2417,13:04,38003,Fuel,16,1
2418,15:30,27105,Fuel,17,1
2419,18:42,7497,Grocery,25,0
2420,17:30,30616,Fuel,12,0
2421,5:39,181,Clothing,20,0
2422,3:38,33507,Fuel,1,0
2423,19:39,27748,Fuel,18,0
2424,1:32,31299,Grocery,20,0
2425,17:52,29487,Online,8,0
2426,19:20,44242,Online,17,1
2427,3:34,16009,Clothing,1,0
2428,21:30,37403,Online,19,0
2429,19:55,2066,Electronics,13,0
2430,14:13,3775,Fuel,7,0
2431,9:11,2660,Fuel,5,0
2432,7:56,43066,Clothing,13,0
2433,4:19,2063,Electronics,9,0
2434,11:08,,Clothing,24,0
2435,5:17,3232,Grocery,10,0
2436,5:43,49908,Fuel,16,0
2437,15:56,17935,Electronics,1,0
2438,12:50,26272,Clothing,4,0
2439,15:56,13072,Electronics,18,0
2440,1:12,17066,Electronics,2,0
2441,18:17,40455,Electronics,25,1
2442,10:49,11548,Clothing,5,0
2443,8:39,25751,Online,17,1
2444,14:50,2444,Electronics,19,0
2445,11:29,32649,Clothing,22,1
2446,6:39,8426,Online,15,0
2447,1:04,11300,Electronics,18,0
2448,2:48,12441,Fuel,23,0
2449,14:34,13767,Fuel,11,0
2450,1:27,24359,Online,8,0
2451,22:08,22160,Grocery,20,1
2452,15:33,7901,Grocery,3,0
2453,7:15,2540,Online,23,0
2454,20:34,47799,Online,18,1
2455,23:41,28100,Online,6,0
2456,13:50,24689,Clothing,17,1
2457,3:30,9937,Grocery,7,0
2458,19:35,47061,Grocery,22,0
2459,7:39,9007,Fuel,11,0
2460,0:47,29538,Online,15,1
2461,23:09,8236,Electronics,12,0
2462,17:24,44941,Fuel,18,0
2463,16:08,31254,Electronics,21,1
2464,3:27,,Grocery,20,0
2465,18:31,37776,Electronics,22,1
2466,20:07,34160,Online,24,0
2467,15:01,35689,Electronics,9,0
2468,10:45,11803,Electronics,11,0
2469,4:23,16969,Electronics,17,1
2470,20:35,33116,Online,22,0
2471,6:03,43177,Grocery,15,1
2472,9:02,28552,Grocery,1,0
2473,5:06,12828,Clothing,22,0
2474,15:38,37473,Electronics,9,0
2475,21:03,18074,Electronics,7,0
2476,0:06,28523,Clothing,14,0
2477,4:09,48538,Clothing,14,0
2478,18:04,46300,Grocery,13,1
2479,6:50,27389,Electronics,12,0
2480,22:53,40705,Online,24,0
2481,21:11,13291,Fuel,21,0
2482,23:26,,Electronics,16,0
2483,22:06,1934,Online,12,0
2484,2:49,14694,Fuel,22,1
2485,22:36,5891,Online,15,0
2486,15:10,703,Online,8,0
2487,13:36,21118,Grocery,24,0
2488,22:49,30785,Electronics,7,0
2489,14:09,24023,Online,21,1
2490,11:09,1827,Fuel,8,0
2491,23:24,46987,Clothing,18,0
2492,6:36,22869,Electronics,14,1
2493,9:07,32678,Grocery,12,0
2494,19:26,,Grocery,11,0
2495,0:03,31626,Online,9,0
2496,18:49,33623,Electronics,17,0
2497,20:19,45438,Clothing,4,0
2498,15:48,24985,Grocery,13,0
2499,6:17,30368,Clothing,19,1
2500,5:10,48643,Grocery,4,0
2501,2:07,39419,Electronics,6,0
2502,0:01,7909,Fuel,24,1
2503,9:38,34955,Fuel,6,0
2504,20:02,32813,Electronics,18,1
2505,17:27,31018,Fuel,17,1
2506,9:02,35812,Fuel,13,1
2507,5:42,33814,Online,19,1
2508,10:30,9380,Fuel,3,0
2509,20:12,47199,Clothing,19,1
2510,13:08,10605,Electronics,5,0
2511,9:23,4840,Electronics,5,0
2512,8:33,2547,Fuel,25,0
2513,14:06,38898,Online,18,1
2514,2:22,10220,Clothing,24,0
2515,7:56,45401,Electronics,1,0
2516,0:45,46128,Electronics,6,0
2517,11:12,40424,Clothing,5,0
2518,5:36,31310,Grocery,18,0
2519,10:03,20745,Electronics,7,0
2520,22:03,47321,Fuel,4,0
2521,23:50,20667,Grocery,17,0
2522,13:27,10810,Fuel,11,0
2523,10:02,10210,Grocery,16,0
2524,2:42,9039,Fuel,4,0
2525,21:59,11274,Grocery,19,0
2526,10:15,8481,Online,5,0
2527,17:53,1010,Online,20,0
2528,2:24,9432,Electronics,7,0
2529,20:51,24573,Fuel,19,0
2530,18:30,10811,Grocery,17,0
2531,23:28,3146,Clothing,21,0
2532,8:34,8010,Online,21,0
2533,19:23,33022,Clothing,22,0
2534,6:27,17641,Grocery,8,0
2535,8:09,12120,Electronics,1,0
2536,14:08,17956,Clothing,6,0
2537,0:29,40593,Clothing,23,0
2538,7:36,33365,Grocery,5,1
2539,15:27,32765,Clothing,10,0
2540,21:19,535,Online,25,0
2541,18:28,4812,Electronics,23,0
2542,16:26,7132,Grocery,17,0
2543,7:52,22267,Fuel,7,0
2544,11:46,988,Electronics,18,0
2545,14:30,2127,Clothing,9,0
2546,0:31,15607,Online,5,0
2547,15:03,25472,Online,5,0
2548,7:47,47956,Clothing,15,1
2549,15:31,32763,Grocery,10,0
2550,13:32,49659,Fuel,6,0
2551,7:05,49238,Online,21,1
2552,1:35,3165,Clothing,17,0
2553,5:10,42970,Clothing,13,0
2554,18:20,20083,Grocery,16,1
2555,21:53,30524,Online,14,1
2556,21:30,11973,Grocery,8,0
2557,14:33,13277,Clothing,1,0
2558,19:20,345,Fuel,2,0
2559,20:16,49629,Clothing,18,0
2560,9:52,41861,Fuel,15,1